{"id_usuario": 38, "evento": "clique", "produto": "mouse", "timestamp": "2026-09-03T15:13:15.709690"}
{"id_usuario": 20, "evento": "entrega", "produto": "mouse", "timestamp": "2026-09-03T15:13:17.710019"}
{"id_usuario": 73, "evento": "carrinho", "produto": "mouse", "timestamp": "2026-09-03T15:13:19.711062"}
{"id_usuario": 89, "evento": "carrinho", "produto": "notebook", "timestamp": "2026-09-03T15:13:21.711403"}
{"id_usuario": 86, "evento": "entrega", "produto": "teclado", "timestamp": "2026-09-03T15:13:23.711824"}
{"id_usuario": 13, "evento": "carrinho", "produto": "celular", "timestamp": "2026-09-03T15:13:25.712261"}
{"id_usuario": 70, "evento": "entrega", "produto": "teclado", "timestamp": "2026-09-03T15:13:27.712524"}
{"id_usuario": 6, "evento": "carrinho", "produto": "notebook", "timestamp": "2026-09-03T15:13:29.712865"}
{"id_usuario": 82, "evento": "entrega", "produto": "celular", "timestamp": "2026-09-03T15:13:31.713391"}
{"id_usuario": 32, "evento": "entrega", "produto": "mouse", "timestamp": "2026-09-03T15:13:33.714368"}
{"id_usuario": 98, "evento": "carrinho", "produto": "celular", "timestamp": "2026-09-03T15:13:35.714676"}
{"id_usuario": 45, "evento": "clique", "produto": "celular", "timestamp": "2026-09-03T15:13:37.715209"}
{"id_usuario": 55, "evento": "entrega", "produto": "mouse", "timestamp": "2026-09-03T15:13:39.715659"}
{"id_usuario": 20, "evento": "carrinho", "produto": "teclado", "timestamp": "2026-09-03T15:13:41.717399"}
{"id_usuario": 10, "evento": "carrinho", "produto": "celular", "timestamp": "2026-09-03T15:13:43.719579"}
{"id_usuario": 11, "evento": "entrega", "produto": "notebook", "timestamp": "2026-09-03T15:13:45.719823"}
{"id_usuario": 17, "evento": "entrega", "produto": "celular", "timestamp": "2026-09-03T15:13:47.720256"}
{"id_usuario": 52, "evento": "carrinho", "produto": "mouse", "timestamp": "2026-09-03T15:13:49.730204"}
{"id_usuario": 24, "evento": "carrinho", "produto": "teclado", "timestamp": "2026-09-03T15:13:51.732154"}
{"id_usuario": 66, "evento": "entrega", "produto": "mouse", "timestamp": "2026-09-03T15:13:53.732734"}
{"id_usuario": 55, "evento": "clique", "produto": "celular", "timestamp": "2026-09-03T15:13:55.733137"}
{"id_usuario": 94, "evento": "entrega", "produto": "teclado", "timestamp": "2026-09-03T15:13:57.733390"}
{"id_usuario": 58, "evento": "clique", "produto": "notebook", "timestamp": "2026-09-03T15:13:59.738772"}
{"id_usuario": 85, "evento": "clique", "produto": "teclado", "timestamp": "2026-09-03T15:14:01.739049"}
{"id_usuario": 36, "evento": "entrega", "produto": "notebook", "timestamp": "2026-09-03T15:14:03.739398"}
{"id_usuario": 13, "evento": "entrega", "produto": "mouse", "timestamp": "2026-09-03T15:14:05.739666"}
{"id_usuario": 46, "evento": "entrega", "produto": "notebook", "timestamp": "2026-09-03T15:14:07.739902"}
{"id_usuario": 2, "evento": "entrega", "produto": "celular", "timestamp": "2026-09-03T15:14:09.740144"}
{"id_usuario": 24, "evento": "clique", "produto": "celular", "timestamp": "2026-09-03T15:14:11.740667"}
{"id_usuario": 47, "evento": "entrega", "produto": "notebook", "timestamp": "2026-09-03T15:14:13.741122"}
{"id_usuario": 77, "evento": "clique", "produto": "notebook", "timestamp": "2026-09-03T15:14:15.741536"}
{"id_usuario": 48, "evento": "carrinho", "produto": "notebook", "timestamp": "2026-09-03T15:14:17.741818"}
{"id_usuario": 79, "evento": "entrega", "produto": "teclado", "timestamp": "2026-09-03T15:14:19.742202"}
{"id_usuario": 29, "evento": "clique", "produto": "teclado", "timestamp": "2026-09-03T15:14:21.742588"}
{"id_usuario": 77, "evento": "clique", "produto": "celular", "timestamp": "2026-09-03T15:14:23.783911"}
{"id_usuario": 11, "evento": "carrinho", "produto": "notebook", "timestamp": "2026-09-03T15:14:25.825963"}
{"id_usuario": 79, "evento": "entrega", "produto": "teclado", "timestamp": "2026-09-03T15:14:27.826287"}
{"id_usuario": 39, "evento": "clique", "produto": "celular", "timestamp": "2026-09-03T15:14:29.826577"}
{"id_usuario": 83, "evento": "clique", "produto": "mouse", "timestamp": "2026-09-03T15:14:31.826819"}
{"id_usuario": 42, "evento": "entrega", "produto": "teclado", "timestamp": "2026-09-03T15:14:33.828410"}
{"id_usuario": 4, "evento": "clique", "produto": "notebook", "timestamp": "2026-09-03T15:14:35.828658"}
{"id_usuario": 25, "evento": "clique", "produto": "notebook", "timestamp": "2026-09-03T15:14:37.828937"}
{"id_usuario": 95, "evento": "entrega", "produto": "celular", "timestamp": "2026-09-03T15:14:39.836955"}
{"id_usuario": 67, "evento": "entrega", "produto": "teclado", "timestamp": "2026-09-03T15:14:41.837199"}
{"id_usuario": 22, "evento": "carrinho", "produto": "mouse", "timestamp": "2026-09-03T15:14:43.838763"}
{"id_usuario": 20, "evento": "carrinho", "produto": "teclado", "timestamp": "2026-09-03T15:14:45.839070"}
{"id_usuario": 52, "evento": "clique", "produto": "celular", "timestamp": "2026-09-03T15:14:47.839438"}
{"id_usuario": 96, "evento": "clique", "produto": "celular", "timestamp": "2026-09-03T15:14:49.839934"}
{"id_usuario": 42, "evento": "carrinho", "produto": "mouse", "timestamp": "2026-09-03T15:14:51.840613"}
{"id_usuario": 7, "evento": "carrinho", "produto": "mouse", "timestamp": "2026-09-03T15:14:53.860572"}
{"id_usuario": 45, "evento": "carrinho", "produto": "notebook", "timestamp": "2026-09-03T15:14:55.861448"}
{"id_usuario": 47, "evento": "carrinho", "produto": "mouse", "timestamp": "2026-09-03T15:14:57.861862"}
{"id_usuario": 44, "evento": "carrinho", "produto": "celular", "timestamp": "2026-09-03T15:14:59.862194"}
{"id_usuario": 88, "evento": "clique", "produto": "teclado", "timestamp": "2026-09-03T15:15:01.862736"}
{"id_usuario": 34, "evento": "carrinho", "produto": "notebook", "timestamp": "2026-09-03T15:15:03.863002"}
{"id_usuario": 95, "evento": "carrinho", "produto": "celular", "timestamp": "2026-09-03T15:15:05.863267"}
{"id_usuario": 25, "evento": "carrinho", "produto": "teclado", "timestamp": "2026-09-03T15:15:07.863812"}
{"id_usuario": 30, "evento": "carrinho", "produto": "notebook", "timestamp": "2026-09-03T15:15:09.864198"}
{"id_usuario": 84, "evento": "carrinho", "produto": "mouse", "timestamp": "2026-09-03T15:15:11.864597"}
{"id_usuario": 7, "evento": "carrinho", "produto": "celular", "timestamp": "2026-09-03T15:15:13.864913"}
{"id_usuario": 45, "evento": "clique", "produto": "notebook", "timestamp": "2026-09-03T15:15:15.865737"}
{"id_usuario": 83, "evento": "entrega", "produto": "mouse", "timestamp": "2026-09-03T15:15:17.866022"}
{"id_usuario": 57, "evento": "carrinho", "produto": "teclado", "timestamp": "2026-09-03T15:15:19.866619"}
{"id_usuario": 90, "evento": "clique", "produto": "mouse", "timestamp": "2026-09-03T15:15:21.866924"}
{"id_usuario": 2, "evento": "entrega", "produto": "celular", "timestamp": "2026-09-03T15:15:23.867173"}
{"id_usuario": 59, "evento": "entrega", "produto": "mouse", "timestamp": "2026-09-07T16:04:59.772325"}
{"id_usuario": 23, "evento": "clique", "produto": "celular", "timestamp": "2026-09-07T16:05:01.772574"}
{"id_usuario": 21, "evento": "entrega", "produto": "celular", "timestamp": "2026-09-07T16:05:03.773121"}
{"id_usuario": 69, "evento": "entrega", "produto": "notebook", "timestamp": "2026-09-07T16:05:05.773406"}
{"id_usuario": 97, "evento": "entrega", "produto": "teclado", "timestamp": "2026-09-07T16:05:07.774514"}
{"id_usuario": 62, "evento": "entrega", "produto": "notebook", "timestamp": "2026-09-07T16:05:09.774777"}
{"id_usuario": 10, "evento": "carrinho", "produto": "celular", "timestamp": "2026-09-07T16:05:11.775065"}
{"id_usuario": 34, "evento": "entrega", "produto": "mouse", "timestamp": "2026-09-07T16:05:13.775360"}
{"id_usuario": 62, "evento": "clique", "produto": "mouse", "timestamp": "2026-09-07T16:05:15.775685"}
{"id_usuario": 32, "evento": "carrinho", "produto": "mouse", "timestamp": "2026-09-07T16:05:17.776252"}
{"id_usuario": 44, "evento": "clique", "produto": "teclado", "timestamp": "2026-09-07T16:05:19.776574"}
{"id_usuario": 49, "evento": "carrinho", "produto": "teclado", "timestamp": "2026-09-07T16:05:21.776891"}
{"id_usuario": 54, "evento": "carrinho", "produto": "teclado", "timestamp": "2026-09-07T16:05:23.777172"}
{"id_usuario": 72, "evento": "clique", "produto": "teclado", "timestamp": "2026-09-07T16:05:25.777547"}
{"id_usuario": 70, "evento": "clique", "produto": "mouse", "timestamp": "2026-09-07T16:05:27.779419"}
{"id_usuario": 67, "evento": "carrinho", "produto": "notebook", "timestamp": "2026-09-07T16:05:29.779738"}
{"id_usuario": 42, "evento": "clique", "produto": "celular", "timestamp": "2026-09-07T16:05:31.780342"}
{"id_usuario": 88, "evento": "entrega", "produto": "notebook", "timestamp": "2026-09-07T16:05:33.780681"}
{"id_usuario": 78, "evento": "entrega", "produto": "mouse", "timestamp": "2026-09-07T16:05:35.781026"}
{"id_usuario": 43, "evento": "clique", "produto": "notebook", "timestamp": "2026-09-07T16:05:37.781355"}
{"id_usuario": 26, "evento": "carrinho", "produto": "teclado", "timestamp": "2026-09-07T16:05:39.781679"}
{"id_usuario": 56, "evento": "clique", "produto": "celular", "timestamp": "2026-09-07T16:05:41.781974"}
{"id_usuario": 31, "evento": "carrinho", "produto": "celular", "timestamp": "2026-09-07T16:05:43.782300"}
{"id_usuario": 78, "evento": "clique", "produto": "teclado", "timestamp": "2026-09-07T16:05:45.782625"}
{"id_usuario": 89, "evento": "carrinho", "produto": "notebook", "timestamp": "2026-09-07T16:05:47.783142"}
{"id_usuario": 86, "evento": "clique", "produto": "celular", "timestamp": "2026-09-07T16:05:49.784021"}
{"id_usuario": 9, "evento": "clique", "produto": "teclado", "timestamp": "2026-09-07T16:05:51.784706"}
{"id_usuario": 63, "evento": "carrinho", "produto": "celular", "timestamp": "2026-09-07T16:05:53.784997"}
{"id_usuario": 3, "evento": "clique", "produto": "teclado", "timestamp": "2026-09-07T16:05:55.785286"}
{"id_usuario": 26, "evento": "clique", "produto": "celular", "timestamp": "2026-09-07T16:05:57.785564"}
{"id_usuario": 52, "evento": "clique", "produto": "mouse", "timestamp": "2026-09-07T16:05:59.786137"}
{"id_usuario": 62, "evento": "carrinho", "produto": "celular", "timestamp": "2026-09-07T16:06:01.786611"}
{"id_usuario": 6, "evento": "entrega", "produto": "teclado", "timestamp": "2026-09-07T16:06:03.786898"}
{"id_usuario": 96, "evento": "entrega", "produto": "mouse", "timestamp": "2026-09-07T16:06:05.787502"}
{"id_usuario": 46, "evento": "entrega", "produto": "notebook", "timestamp": "2026-09-07T16:06:07.787827"}
{"id_usuario": 9, "evento": "clique", "produto": "notebook", "timestamp": "2026-09-07T16:06:09.788380"}
{"id_usuario": 7, "evento": "entrega", "produto": "teclado", "timestamp": "2026-09-07T16:06:11.789136"}
{"id_usuario": 72, "evento": "carrinho", "produto": "mouse", "timestamp": "2026-09-07T16:06:13.789562"}
{"id_usuario": 66, "evento": "carrinho", "produto": "mouse", "timestamp": "2026-09-07T16:06:15.790190"}
{"id_usuario": 30, "evento": "entrega", "produto": "celular", "timestamp": "2026-09-07T16:06:17.790812"}
{"id_usuario": 76, "evento": "carrinho", "produto": "teclado", "timestamp": "2026-09-07T16:06:19.791292"}
{"id_usuario": 61, "evento": "entrega", "produto": "notebook", "timestamp": "2026-09-07T16:06:21.791803"}
{"id_usuario": 32, "evento": "carrinho", "produto": "notebook", "timestamp": "2026-09-07T16:06:23.792116"}
{"id_usuario": 81, "evento": "entrega", "produto": "teclado", "timestamp": "2026-09-07T16:06:25.792403"}
{"id_usuario": 95, "evento": "entrega", "produto": "mouse", "timestamp": "2026-09-07T16:06:27.792744"}
{"id_usuario": 47, "evento": "clique", "produto": "notebook", "timestamp": "2026-09-07T16:06:29.793034"}
{"id_usuario": 11, "evento": "entrega", "produto": "mouse", "timestamp": "2026-09-07T16:06:31.793312"}
{"id_usuario": 10, "evento": "clique", "produto": "notebook", "timestamp": "2026-09-07T16:06:33.793982"}
{"id_usuario": 42, "evento": "entrega", "produto": "notebook", "timestamp": "2026-09-07T16:06:35.794275"}
{"id_usuario": 60, "evento": "clique", "produto": "notebook", "timestamp": "2026-09-07T16:06:37.794867"}
{"id_usuario": 1, "evento": "carrinho", "produto": "celular", "timestamp": "2026-09-07T16:06:39.795143"}
{"id_usuario": 65, "evento": "clique", "produto": "teclado", "timestamp": "2026-09-07T16:06:41.795433"}
{"id_usuario": 3, "evento": "clique", "produto": "celular", "timestamp": "2026-09-07T16:06:43.795757"}
{"id_usuario": 63, "evento": "entrega", "produto": "celular", "timestamp": "2026-09-07T16:06:45.796069"}
{"id_usuario": 74, "evento": "entrega", "produto": "teclado", "timestamp": "2026-09-07T16:06:47.796362"}
{"id_usuario": 56, "evento": "carrinho", "produto": "celular", "timestamp": "2026-09-07T16:06:49.796994"}
{"id_usuario": 45, "evento": "carrinho", "produto": "celular", "timestamp": "2026-09-07T16:06:51.797270"}
{"id_usuario": 61, "evento": "carrinho", "produto": "teclado", "timestamp": "2026-09-07T16:06:53.797556"}
{"id_usuario": 87, "evento": "entrega", "produto": "teclado", "timestamp": "2026-09-07T16:06:55.797855"}
{"id_usuario": 55, "evento": "carrinho", "produto": "celular", "timestamp": "2026-09-07T16:06:57.798142"}
{"id_usuario": 62, "evento": "entrega", "produto": "celular", "timestamp": "2026-09-07T16:06:59.798438"}
{"id_usuario": 11, "evento": "entrega", "produto": "teclado", "timestamp": "2026-09-07T16:07:01.798759"}
{"id_usuario": 69, "evento": "carrinho", "produto": "notebook", "timestamp": "2026-09-07T16:07:03.799029"}
{"id_usuario": 58, "evento": "carrinho", "produto": "mouse", "timestamp": "2026-09-07T16:07:05.799335"}
{"id_usuario": 67, "evento": "entrega", "produto": "notebook", "timestamp": "2026-09-07T16:07:07.799634"}
{"id_usuario": 7, "evento": "carrinho", "produto": "notebook", "timestamp": "2026-09-07T16:07:09.799947"}
{"id_usuario": 13, "evento": "clique", "produto": "notebook", "timestamp": "2026-09-07T16:07:11.800229"}
{"id_usuario": 90, "evento": "clique", "produto": "teclado", "timestamp": "2026-09-07T16:07:13.800530"}
{"id_usuario": 58, "evento": "entrega", "produto": "notebook", "timestamp": "2026-09-07T16:07:15.801055"}
{"id_usuario": 45, "evento": "clique", "produto": "notebook", "timestamp": "2026-09-07T16:07:17.801624"}
{"id_usuario": 14, "evento": "carrinho", "produto": "mouse", "timestamp": "2026-09-07T16:07:19.802190"}
{"id_usuario": 100, "evento": "carrinho", "produto": "celular", "timestamp": "2026-09-07T16:07:21.802468"}
{"id_usuario": 92, "evento": "carrinho", "produto": "teclado", "timestamp": "2026-09-07T16:07:23.802770"}
{"id_usuario": 68, "evento": "carrinho", "produto": "mouse", "timestamp": "2026-09-07T16:07:25.803126"}
{"id_usuario": 26, "evento": "clique", "produto": "teclado", "timestamp": "2026-09-07T16:07:27.803415"}
{"id_usuario": 2, "evento": "entrega", "produto": "celular", "timestamp": "2026-09-07T16:07:29.804290"}
{"id_usuario": 1, "evento": "entrega", "produto": "teclado", "timestamp": "2026-09-07T16:07:31.806542"}
{"id_usuario": 64, "evento": "carrinho", "produto": "teclado", "timestamp": "2026-09-07T16:07:33.806855"}
{"id_usuario": 97, "evento": "clique", "produto": "celular", "timestamp": "2026-09-07T16:07:35.809665"}
{"id_usuario": 73, "evento": "clique", "produto": "teclado", "timestamp": "2026-09-07T16:07:37.812278"}
{"id_usuario": 47, "evento": "clique", "produto": "notebook", "timestamp": "2026-09-07T16:07:39.812539"}
{"id_usuario": 25, "evento": "entrega", "produto": "teclado", "timestamp": "2026-09-07T16:07:41.812844"}
{"id_usuario": 87, "evento": "entrega", "produto": "celular", "timestamp": "2026-09-07T16:07:43.813315"}
{"id_usuario": 92, "evento": "carrinho", "produto": "notebook", "timestamp": "2026-09-07T16:07:45.813938"}
{"id_usuario": 11, "evento": "entrega", "produto": "teclado", "timestamp": "2026-09-07T16:07:47.814417"}
{"id_usuario": 95, "evento": "entrega", "produto": "notebook", "timestamp": "2026-09-07T16:07:49.814714"}
{"id_usuario": 13, "evento": "clique", "produto": "celular", "timestamp": "2026-09-07T16:07:51.814995"}
{"id_usuario": 37, "evento": "carrinho", "produto": "mouse", "timestamp": "2026-09-07T16:07:53.815284"}
{"id_usuario": 85, "evento": "clique", "produto": "teclado", "timestamp": "2026-09-07T16:07:55.815557"}
{"id_usuario": 41, "evento": "carrinho", "produto": "notebook", "timestamp": "2026-09-07T16:07:57.815969"}
{"id_usuario": 29, "evento": "entrega", "produto": "notebook", "timestamp": "2026-09-07T16:07:59.816829"}
{"id_usuario": 17, "evento": "entrega", "produto": "teclado", "timestamp": "2026-09-07T16:08:01.817113"}
{"id_usuario": 17, "evento": "clique", "produto": "celular", "timestamp": "2026-09-07T16:08:03.817382"}
{"id_usuario": 18, "evento": "carrinho", "produto": "notebook", "timestamp": "2026-09-07T16:08:05.817675"}
{"id_usuario": 15, "evento": "entrega", "produto": "mouse", "timestamp": "2026-09-07T16:08:07.818340"}
{"id_usuario": 57, "evento": "carrinho", "produto": "teclado", "timestamp": "2026-09-07T16:08:09.818765"}
{"id_usuario": 38, "evento": "carrinho", "produto": "celular", "timestamp": "2026-09-07T16:08:11.819201"}
{"id_usuario": 94, "evento": "entrega", "produto": "celular", "timestamp": "2026-09-07T16:08:13.819709"}
{"id_usuario": 97, "evento": "clique", "produto": "teclado", "timestamp": "2026-09-07T16:08:15.820126"}
{"id_usuario": 95, "evento": "entrega", "produto": "notebook", "timestamp": "2026-09-07T16:08:17.820401"}
{"id_usuario": 74, "evento": "entrega", "produto": "mouse", "timestamp": "2026-09-07T16:08:19.820706"}
{"id_usuario": 35, "evento": "clique", "produto": "mouse", "timestamp": "2026-09-07T16:08:21.821060"}
{"id_usuario": 96, "evento": "clique", "produto": "celular", "timestamp": "2026-09-07T16:08:23.821561"}
{"id_usuario": 86, "evento": "clique", "produto": "teclado", "timestamp": "2026-09-07T16:08:25.822123"}
{"id_usuario": 11, "evento": "entrega", "produto": "mouse", "timestamp": "2026-09-07T16:08:27.822511"}
{"id_usuario": 22, "evento": "entrega", "produto": "celular", "timestamp": "2026-09-07T16:08:29.822964"}
{"id_usuario": 96, "evento": "carrinho", "produto": "mouse", "timestamp": "2026-09-07T16:08:31.823237"}
{"id_usuario": 9, "evento": "clique", "produto": "teclado", "timestamp": "2026-09-07T16:08:33.823514"}
{"id_usuario": 82, "evento": "clique", "produto": "teclado", "timestamp": "2026-09-07T16:08:35.823794"}
{"id_usuario": 95, "evento": "entrega", "produto": "teclado", "timestamp": "2026-09-07T16:08:37.824085"}
{"id_usuario": 53, "evento": "clique", "produto": "mouse", "timestamp": "2026-09-07T16:08:39.824402"}
{"id_usuario": 68, "evento": "entrega", "produto": "notebook", "timestamp": "2026-09-07T16:08:41.824702"}
{"id_usuario": 2, "evento": "carrinho", "produto": "notebook", "timestamp": "2026-09-07T16:08:43.824987"}
{"id_usuario": 89, "evento": "entrega", "produto": "celular", "timestamp": "2026-09-07T16:08:45.825263"}
{"id_usuario": 63, "evento": "carrinho", "produto": "teclado", "timestamp": "2026-09-07T16:08:47.825541"}
{"id_usuario": 14, "evento": "clique", "produto": "teclado", "timestamp": "2026-09-07T16:08:49.825820"}
{"id_usuario": 99, "evento": "entrega", "produto": "mouse", "timestamp": "2026-09-07T16:08:51.826112"}
{"id_usuario": 46, "evento": "entrega", "produto": "celular", "timestamp": "2026-09-07T16:08:53.826392"}
{"id_usuario": 35, "evento": "entrega", "produto": "teclado", "timestamp": "2026-09-07T16:08:55.826703"}
{"id_usuario": 9, "evento": "carrinho", "produto": "celular", "timestamp": "2026-09-07T16:08:57.826994"}
{"id_usuario": 71, "evento": "clique", "produto": "celular", "timestamp": "2026-09-07T16:08:59.827266"}
{"id_usuario": 100, "evento": "carrinho", "produto": "notebook", "timestamp": "2026-09-07T16:09:01.827551"}
{"id_usuario": 20, "evento": "clique", "produto": "mouse", "timestamp": "2026-09-07T16:09:03.828504"}
{"id_usuario": 5, "evento": "clique", "produto": "notebook", "timestamp": "2026-09-07T16:09:05.828767"}
{"id_usuario": 33, "evento": "entrega", "produto": "notebook", "timestamp": "2026-09-07T16:09:07.829365"}
{"id_usuario": 41, "evento": "carrinho", "produto": "teclado", "timestamp": "2026-09-07T16:09:09.829698"}
{"id_usuario": 39, "evento": "carrinho", "produto": "mouse", "timestamp": "2026-09-07T16:09:11.829983"}
{"id_usuario": 100, "evento": "entrega", "produto": "teclado", "timestamp": "2026-09-07T16:09:13.830272"}
{"id_usuario": 43, "evento": "entrega", "produto": "celular", "timestamp": "2026-09-07T16:09:15.830649"}
{"id_usuario": 62, "evento": "clique", "produto": "teclado", "timestamp": "2026-09-07T16:09:17.830926"}
{"id_usuario": 10, "evento": "clique", "produto": "mouse", "timestamp": "2026-09-07T16:09:19.831212"}
{"id_usuario": 46, "evento": "clique", "produto": "celular", "timestamp": "2026-09-07T16:09:21.832778"}
{"id_usuario": 36, "evento": "carrinho", "produto": "teclado", "timestamp": "2026-09-07T16:09:23.833153"}
{"id_usuario": 53, "evento": "entrega", "produto": "notebook", "timestamp": "2026-09-07T16:09:25.833660"}
{"id_usuario": 13, "evento": "carrinho", "produto": "mouse", "timestamp": "2026-09-07T16:09:27.833962"}
{"id_usuario": 18, "evento": "clique", "produto": "teclado", "timestamp": "2026-09-07T16:09:29.834249"}
{"id_usuario": 58, "evento": "entrega", "produto": "teclado", "timestamp": "2026-09-07T16:09:31.834559"}
{"id_usuario": 70, "evento": "entrega", "produto": "notebook", "timestamp": "2026-09-07T16:09:33.834855"}
{"id_usuario": 5, "evento": "clique", "produto": "teclado", "timestamp": "2026-09-07T16:09:35.835138"}
{"id_usuario": 33, "evento": "entrega", "produto": "mouse", "timestamp": "2026-09-07T16:09:37.835431"}
{"id_usuario": 33, "evento": "entrega", "produto": "mouse", "timestamp": "2026-09-07T16:09:39.835762"}
{"id_usuario": 18, "evento": "carrinho", "produto": "mouse", "timestamp": "2026-09-07T16:09:41.836882"}
{"id_usuario": 78, "evento": "entrega", "produto": "notebook", "timestamp": "2026-09-07T16:09:43.837167"}
{"id_usuario": 24, "evento": "entrega", "produto": "mouse", "timestamp": "2026-09-07T16:09:45.837442"}
{"id_usuario": 44, "evento": "entrega", "produto": "teclado", "timestamp": "2026-09-07T16:09:47.838112"}
{"id_usuario": 65, "evento": "entrega", "produto": "celular", "timestamp": "2026-09-07T16:10:43.597615"}
{"id_usuario": 76, "evento": "entrega", "produto": "celular", "timestamp": "2026-09-07T16:10:45.598239"}
{"id_usuario": 33, "evento": "entrega", "produto": "celular", "timestamp": "2026-09-07T16:10:47.598890"}
{"id_usuario": 42, "evento": "carrinho", "produto": "teclado", "timestamp": "2026-09-07T16:10:49.599201"}
{"id_usuario": 64, "evento": "entrega", "produto": "mouse", "timestamp": "2026-09-07T16:10:51.599630"}
{"id_usuario": 1, "evento": "carrinho", "produto": "mouse", "timestamp": "2026-09-07T16:10:53.599949"}
{"id_usuario": 74, "evento": "carrinho", "produto": "teclado", "timestamp": "2026-09-07T16:10:55.600219"}
{"id_usuario": 72, "evento": "entrega", "produto": "teclado", "timestamp": "2026-09-07T16:10:57.600817"}
{"id_usuario": 82, "evento": "carrinho", "produto": "teclado", "timestamp": "2026-09-07T16:10:59.601228"}
{"id_usuario": 86, "evento": "clique", "produto": "celular", "timestamp": "2026-09-07T16:11:53.432154"}
{"id_usuario": 17, "evento": "carrinho", "produto": "mouse", "timestamp": "2026-09-07T16:11:55.432559"}
{"id_usuario": 100, "evento": "carrinho", "produto": "celular", "timestamp": "2026-09-07T16:11:57.432883"}
{"id_usuario": 29, "evento": "clique", "produto": "teclado", "timestamp": "2026-09-07T16:11:59.433194"}
{"id_usuario": 5, "evento": "clique", "produto": "celular", "timestamp": "2026-09-07T16:12:01.433502"}
{"id_usuario": 78, "evento": "clique", "produto": "notebook", "timestamp": "2026-09-07T16:12:03.433779"}
{"id_usuario": 2, "evento": "entrega", "produto": "teclado", "timestamp": "2026-09-07T16:12:05.434072"}
{"id_usuario": 6, "evento": "carrinho", "produto": "mouse", "timestamp": "2026-09-07T16:12:07.434357"}
{"id_usuario": 46, "evento": "entrega", "produto": "celular", "timestamp": "2026-09-07T16:12:09.434646"}
{"id_usuario": 93, "evento": "entrega", "produto": "celular", "timestamp": "2026-09-07T16:12:11.434920"}
{"id_usuario": 97, "evento": "entrega", "produto": "notebook", "timestamp": "2026-09-07T16:12:13.435191"}
{"id_usuario": 62, "evento": "entrega", "produto": "celular", "timestamp": "2026-09-07T16:12:15.435465"}
{"id_usuario": 99, "evento": "clique", "produto": "mouse", "timestamp": "2026-09-07T16:12:17.435759"}
{"id_usuario": 26, "evento": "entrega", "produto": "teclado", "timestamp": "2026-09-07T16:12:19.436038"}
{"id_usuario": 16, "evento": "carrinho", "produto": "notebook", "timestamp": "2026-09-07T16:12:21.436309"}
{"id_usuario": 72, "evento": "clique", "produto": "mouse", "timestamp": "2026-09-07T16:12:23.436687"}
{"id_usuario": 4, "evento": "carrinho", "produto": "mouse", "timestamp": "2026-09-07T16:12:25.436979"}
{"id_usuario": 42, "evento": "carrinho", "produto": "mouse", "timestamp": "2026-09-07T16:12:27.437249"}
{"id_usuario": 51, "evento": "carrinho", "produto": "celular", "timestamp": "2026-09-07T16:12:29.437553"}
{"id_usuario": 15, "evento": "carrinho", "produto": "teclado", "timestamp": "2026-09-07T16:12:31.438509"}
{"id_usuario": 89, "evento": "carrinho", "produto": "teclado", "timestamp": "2026-09-07T16:12:33.438792"}
{"id_usuario": 100, "evento": "carrinho", "produto": "notebook", "timestamp": "2026-09-07T16:12:35.439202"}
{"id_usuario": 12, "evento": "entrega", "produto": "celular", "timestamp": "2026-09-07T16:12:37.439504"}
{"id_usuario": 4, "evento": "entrega", "produto": "mouse", "timestamp": "2026-09-07T16:12:39.439789"}
{"id_usuario": 47, "evento": "clique", "produto": "mouse", "timestamp": "2026-09-07T16:12:41.440066"}
{"id_usuario": 72, "evento": "entrega", "produto": "mouse", "timestamp": "2026-09-07T16:12:43.440357"}
{"id_usuario": 84, "evento": "entrega", "produto": "mouse", "timestamp": "2026-09-07T16:12:45.441403"}
{"id_usuario": 15, "evento": "entrega", "produto": "mouse", "timestamp": "2026-09-07T16:12:47.441719"}
{"id_usuario": 80, "evento": "carrinho", "produto": "notebook", "timestamp": "2026-09-07T16:12:49.441996"}
{"id_usuario": 76, "evento": "entrega", "produto": "celular", "timestamp": "2026-09-07T16:12:51.442510"}
{"id_usuario": 5, "evento": "clique", "produto": "teclado", "timestamp": "2026-09-07T16:12:53.442805"}
{"id_usuario": 45, "evento": "entrega", "produto": "teclado", "timestamp": "2026-09-07T16:12:55.443099"}
{"id_usuario": 26, "evento": "entrega", "produto": "teclado", "timestamp": "2026-09-07T16:12:57.443601"}
{"id_usuario": 65, "evento": "entrega", "produto": "celular", "timestamp": "2026-09-07T16:12:59.443909"}
{"id_usuario": 19, "evento": "clique", "produto": "notebook", "timestamp": "2026-09-07T16:13:01.444655"}
{"id_usuario": 53, "evento": "carrinho", "produto": "teclado", "timestamp": "2026-09-07T16:13:03.444944"}
{"id_usuario": 46, "evento": "clique", "produto": "celular", "timestamp": "2026-09-07T16:13:05.445643"}
{"id_usuario": 42, "evento": "entrega", "produto": "mouse", "timestamp": "2026-09-07T16:13:07.446203"}
{"id_usuario": 85, "evento": "entrega", "produto": "mouse", "timestamp": "2026-09-07T16:13:09.446541"}
{"id_usuario": 50, "evento": "carrinho", "produto": "notebook", "timestamp": "2026-09-07T16:13:11.447270"}
{"id_usuario": 9, "evento": "carrinho", "produto": "notebook", "timestamp": "2026-09-07T16:13:13.448003"}
{"id_usuario": 30, "evento": "entrega", "produto": "teclado", "timestamp": "2026-09-07T16:13:15.448814"}
{"id_usuario": 52, "evento": "carrinho", "produto": "mouse", "timestamp": "2026-09-07T16:13:17.449801"}
{"id_usuario": 100, "evento": "carrinho", "produto": "celular", "timestamp": "2026-09-07T16:13:19.450581"}
{"id_usuario": 77, "evento": "entrega", "produto": "teclado", "timestamp": "2026-09-07T16:13:21.452199"}
{"id_usuario": 47, "evento": "carrinho", "produto": "teclado", "timestamp": "2026-09-07T16:13:23.452539"}
{"id_usuario": 47, "evento": "clique", "produto": "mouse", "timestamp": "2026-09-07T16:13:25.452850"}
{"id_usuario": 69, "evento": "entrega", "produto": "celular", "timestamp": "2026-09-07T16:13:27.453463"}
{"id_usuario": 56, "evento": "carrinho", "produto": "celular", "timestamp": "2026-09-07T16:13:29.453816"}
{"id_usuario": 94, "evento": "entrega", "produto": "notebook", "timestamp": "2026-09-07T16:13:31.455234"}
{"id_usuario": 74, "evento": "clique", "produto": "notebook", "timestamp": "2026-09-07T16:13:33.455531"}
{"id_usuario": 81, "evento": "carrinho", "produto": "celular", "timestamp": "2026-09-07T16:13:35.455829"}
{"id_usuario": 69, "evento": "carrinho", "produto": "teclado", "timestamp": "2026-09-07T16:13:37.456135"}
{"id_usuario": 90, "evento": "entrega", "produto": "mouse", "timestamp": "2026-09-07T16:13:39.456435"}
{"id_usuario": 89, "evento": "carrinho", "produto": "mouse", "timestamp": "2026-09-07T16:13:41.456777"}
{"id_usuario": 85, "evento": "carrinho", "produto": "celular", "timestamp": "2026-09-07T16:13:43.457102"}
{"id_usuario": 41, "evento": "entrega", "produto": "teclado", "timestamp": "2026-09-07T16:13:45.458225"}
{"id_usuario": 68, "evento": "carrinho", "produto": "mouse", "timestamp": "2026-09-07T16:13:47.458534"}
{"id_usuario": 53, "evento": "entrega", "produto": "celular", "timestamp": "2026-09-07T16:13:49.459546"}
{"id_usuario": 48, "evento": "entrega", "produto": "notebook", "timestamp": "2026-09-07T16:13:51.460310"}
{"id_usuario": 43, "evento": "carrinho", "produto": "teclado", "timestamp": "2026-09-07T16:13:53.460921"}
{"id_usuario": 15, "evento": "entrega", "produto": "celular", "timestamp": "2026-09-07T16:13:55.461248"}
{"id_usuario": 65, "evento": "carrinho", "produto": "mouse", "timestamp": "2026-09-07T16:13:57.461545"}
{"id_usuario": 65, "evento": "entrega", "produto": "teclado", "timestamp": "2026-09-07T16:13:59.461842"}
{"id_usuario": 41, "evento": "carrinho", "produto": "mouse", "timestamp": "2026-09-07T16:14:01.462139"}
{"id_usuario": 7, "evento": "entrega", "produto": "mouse", "timestamp": "2026-09-07T16:14:03.462440"}
{"id_usuario": 81, "evento": "clique", "produto": "celular", "timestamp": "2026-09-07T16:14:05.463560"}
{"id_usuario": 8, "evento": "entrega", "produto": "celular", "timestamp": "2026-09-07T16:14:07.464112"}
{"id_usuario": 75, "evento": "clique", "produto": "notebook", "timestamp": "2026-09-07T16:14:09.464567"}
{"id_usuario": 92, "evento": "clique", "produto": "notebook", "timestamp": "2026-09-07T16:14:11.465133"}
{"id_usuario": 87, "evento": "clique", "produto": "mouse", "timestamp": "2026-09-07T16:14:13.465737"}
{"id_usuario": 70, "evento": "entrega", "produto": "mouse", "timestamp": "2026-09-07T16:14:15.466363"}
{"id_usuario": 7, "evento": "carrinho", "produto": "teclado", "timestamp": "2026-09-07T16:14:17.467957"}
{"id_usuario": 64, "evento": "entrega", "produto": "celular", "timestamp": "2026-09-07T16:14:19.468448"}
{"id_usuario": 84, "evento": "clique", "produto": "mouse", "timestamp": "2026-09-07T16:14:21.468786"}
{"id_usuario": 31, "evento": "carrinho", "produto": "teclado", "timestamp": "2026-09-07T16:14:23.469071"}
{"id_usuario": 12, "evento": "entrega", "produto": "celular", "timestamp": "2026-09-07T16:14:25.469382"}
{"id_usuario": 54, "evento": "carrinho", "produto": "notebook", "timestamp": "2026-09-07T16:14:27.469692"}
{"id_usuario": 30, "evento": "clique", "produto": "notebook", "timestamp": "2026-09-07T16:14:29.469980"}
{"id_usuario": 84, "evento": "carrinho", "produto": "teclado", "timestamp": "2026-09-07T16:14:31.470628"}
{"id_usuario": 22, "evento": "carrinho", "produto": "mouse", "timestamp": "2026-09-07T16:14:33.471208"}
{"id_usuario": 29, "evento": "carrinho", "produto": "teclado", "timestamp": "2026-09-07T16:14:35.471810"}
{"id_usuario": 27, "evento": "clique", "produto": "mouse", "timestamp": "2026-09-07T16:14:37.472102"}
{"id_usuario": 35, "evento": "entrega", "produto": "notebook", "timestamp": "2026-09-07T16:14:39.472397"}
{"id_usuario": 1, "evento": "carrinho", "produto": "notebook", "timestamp": "2026-09-07T16:14:41.472705"}
{"id_usuario": 24, "evento": "entrega", "produto": "teclado", "timestamp": "2026-09-07T16:14:43.473000"}
{"id_usuario": 95, "evento": "entrega", "produto": "teclado", "timestamp": "2026-09-07T16:14:45.473276"}
{"id_usuario": 37, "evento": "entrega", "produto": "notebook", "timestamp": "2026-09-07T16:14:47.473558"}
{"id_usuario": 58, "evento": "entrega", "produto": "teclado", "timestamp": "2026-09-07T16:14:49.473862"}
{"id_usuario": 70, "evento": "clique", "produto": "celular", "timestamp": "2026-09-07T16:14:51.474545"}
{"id_usuario": 92, "evento": "carrinho", "produto": "notebook", "timestamp": "2026-09-07T16:14:53.475039"}
{"id_usuario": 96, "evento": "carrinho", "produto": "mouse", "timestamp": "2026-09-07T16:14:55.475342"}
{"id_usuario": 58, "evento": "entrega", "produto": "celular", "timestamp": "2026-09-07T16:14:57.475659"}
{"id_usuario": 98, "evento": "entrega", "produto": "notebook", "timestamp": "2026-09-07T16:14:59.475950"}
{"id_usuario": 68, "evento": "carrinho", "produto": "mouse", "timestamp": "2026-09-07T16:15:01.476990"}
{"id_usuario": 15, "evento": "carrinho", "produto": "notebook", "timestamp": "2026-09-07T16:15:03.479296"}
{"id_usuario": 7, "evento": "entrega", "produto": "notebook", "timestamp": "2026-09-07T16:15:05.479620"}
{"id_usuario": 92, "evento": "entrega", "produto": "notebook", "timestamp": "2026-09-07T16:15:07.480707"}
{"id_usuario": 89, "evento": "entrega", "produto": "mouse", "timestamp": "2026-09-07T16:15:09.483539"}
{"id_usuario": 31, "evento": "carrinho", "produto": "celular", "timestamp": "2026-09-07T16:15:11.486017"}
{"id_usuario": 77, "evento": "carrinho", "produto": "teclado", "timestamp": "2026-09-07T16:15:13.486342"}
{"id_usuario": 63, "evento": "clique", "produto": "celular", "timestamp": "2026-09-07T16:15:15.486688"}
{"id_usuario": 4, "evento": "clique", "produto": "teclado", "timestamp": "2026-09-07T16:15:17.486988"}
{"id_usuario": 68, "evento": "carrinho", "produto": "notebook", "timestamp": "2026-09-07T16:15:19.487373"}
{"id_usuario": 55, "evento": "entrega", "produto": "notebook", "timestamp": "2026-09-07T16:15:21.488192"}
{"id_usuario": 8, "evento": "entrega", "produto": "notebook", "timestamp": "2026-09-07T16:15:23.488466"}
{"id_usuario": 76, "evento": "entrega", "produto": "notebook", "timestamp": "2026-09-07T16:15:25.488827"}
{"id_usuario": 100, "evento": "entrega", "produto": "mouse", "timestamp": "2026-09-07T16:15:27.489237"}
{"id_usuario": 75, "evento": "entrega", "produto": "teclado", "timestamp": "2026-09-07T16:15:29.489530"}
{"id_usuario": 73, "evento": "entrega", "produto": "teclado", "timestamp": "2026-09-07T16:15:31.490004"}
{"id_usuario": 22, "evento": "carrinho", "produto": "celular", "timestamp": "2026-09-07T16:15:33.490959"}
{"id_usuario": 79, "evento": "carrinho", "produto": "mouse", "timestamp": "2026-09-07T16:15:35.491675"}
{"id_usuario": 72, "evento": "clique", "produto": "celular", "timestamp": "2026-09-07T16:15:37.491965"}
{"id_usuario": 99, "evento": "clique", "produto": "notebook", "timestamp": "2026-09-07T16:15:39.492284"}
{"id_usuario": 86, "evento": "clique", "produto": "mouse", "timestamp": "2026-09-07T16:15:41.492949"}
{"id_usuario": 89, "evento": "entrega", "produto": "mouse", "timestamp": "2026-09-07T16:15:43.493245"}
{"id_usuario": 62, "evento": "entrega", "produto": "mouse", "timestamp": "2026-09-07T16:15:45.493514"}
{"id_usuario": 75, "evento": "entrega", "produto": "celular", "timestamp": "2026-09-07T16:15:47.493796"}
{"id_usuario": 83, "evento": "entrega", "produto": "teclado", "timestamp": "2026-09-07T16:15:49.494071"}
{"id_usuario": 4, "evento": "entrega", "produto": "teclado", "timestamp": "2026-09-07T16:15:51.494349"}
{"id_usuario": 99, "evento": "entrega", "produto": "teclado", "timestamp": "2026-09-07T16:15:53.494651"}
{"id_usuario": 26, "evento": "clique", "produto": "teclado", "timestamp": "2026-09-07T16:15:55.494932"}
{"id_usuario": 39, "evento": "entrega", "produto": "teclado", "timestamp": "2026-09-07T16:15:57.496399"}
{"id_usuario": 41, "evento": "carrinho", "produto": "notebook", "timestamp": "2026-09-07T16:15:59.498118"}
{"id_usuario": 77, "evento": "carrinho", "produto": "notebook", "timestamp": "2026-09-07T16:16:01.498436"}
{"id_usuario": 27, "evento": "carrinho", "produto": "notebook", "timestamp": "2026-09-07T16:16:03.498941"}
{"id_usuario": 68, "evento": "carrinho", "produto": "celular", "timestamp": "2026-09-07T16:16:05.499624"}
{"id_usuario": 36, "evento": "carrinho", "produto": "teclado", "timestamp": "2026-09-07T16:16:07.500107"}
{"id_usuario": 57, "evento": "carrinho", "produto": "notebook", "timestamp": "2026-09-07T16:16:09.500747"}
{"id_usuario": 16, "evento": "clique", "produto": "mouse", "timestamp": "2026-09-07T16:16:11.501238"}
{"id_usuario": 36, "evento": "carrinho", "produto": "celular", "timestamp": "2026-09-07T16:16:13.501512"}
{"id_usuario": 60, "evento": "carrinho", "produto": "celular", "timestamp": "2026-09-07T16:16:15.501815"}
{"id_usuario": 31, "evento": "carrinho", "produto": "teclado", "timestamp": "2026-09-07T16:16:17.502237"}
{"id_usuario": 76, "evento": "carrinho", "produto": "celular", "timestamp": "2026-09-07T16:16:19.502555"}
{"id_usuario": 77, "evento": "entrega", "produto": "teclado", "timestamp": "2026-09-07T16:16:21.503255"}
{"id_usuario": 55, "evento": "clique", "produto": "mouse", "timestamp": "2026-09-07T16:16:23.503552"}
{"id_usuario": 39, "evento": "clique", "produto": "celular", "timestamp": "2026-09-07T16:16:25.503826"}
{"id_usuario": 27, "evento": "carrinho", "produto": "celular", "timestamp": "2026-09-07T16:16:27.504111"}
{"id_usuario": 99, "evento": "entrega", "produto": "notebook", "timestamp": "2026-09-07T16:16:29.504391"}
{"id_usuario": 29, "evento": "carrinho", "produto": "celular", "timestamp": "2026-09-07T16:16:31.504695"}
{"id_usuario": 74, "evento": "entrega", "produto": "notebook", "timestamp": "2026-09-07T16:16:33.504983"}
{"id_usuario": 95, "evento": "clique", "produto": "mouse", "timestamp": "2026-09-07T16:16:35.505266"}
{"id_usuario": 73, "evento": "clique", "produto": "mouse", "timestamp": "2026-09-07T16:16:37.505536"}
{"id_usuario": 85, "evento": "clique", "produto": "celular", "timestamp": "2026-09-07T16:16:39.505909"}
{"id_usuario": 39, "evento": "carrinho", "produto": "notebook", "timestamp": "2026-09-07T16:16:41.506398"}
{"id_usuario": 4, "evento": "entrega", "produto": "teclado", "timestamp": "2026-09-07T16:16:43.507113"}
{"id_usuario": 40, "evento": "carrinho", "produto": "celular", "timestamp": "2026-09-07T16:16:45.507439"}
{"id_usuario": 27, "evento": "carrinho", "produto": "celular", "timestamp": "2026-09-07T16:16:47.507789"}
{"id_usuario": 58, "evento": "entrega", "produto": "teclado", "timestamp": "2026-09-07T16:16:49.508115"}
{"id_usuario": 78, "evento": "clique", "produto": "notebook", "timestamp": "2026-09-07T16:16:51.508671"}
{"id_usuario": 17, "evento": "carrinho", "produto": "celular", "timestamp": "2026-09-07T16:16:53.509128"}
{"id_usuario": 21, "evento": "clique", "produto": "teclado", "timestamp": "2026-09-07T16:16:55.509415"}
{"id_usuario": 21, "evento": "carrinho", "produto": "teclado", "timestamp": "2026-09-07T16:16:57.510019"}
{"id_usuario": 80, "evento": "entrega", "produto": "teclado", "timestamp": "2026-09-07T16:16:59.510649"}
{"id_usuario": 40, "evento": "clique", "produto": "celular", "timestamp": "2026-09-07T16:17:01.511125"}
{"id_usuario": 52, "evento": "entrega", "produto": "notebook", "timestamp": "2026-09-07T16:17:03.511707"}
{"id_usuario": 15, "evento": "carrinho", "produto": "celular", "timestamp": "2026-09-07T16:17:05.512303"}
{"id_usuario": 55, "evento": "carrinho", "produto": "notebook", "timestamp": "2026-09-07T16:17:07.512920"}
{"id_usuario": 19, "evento": "carrinho", "produto": "celular", "timestamp": "2026-09-07T16:17:09.513546"}
{"id_usuario": 20, "evento": "entrega", "produto": "celular", "timestamp": "2026-09-07T16:17:11.514081"}
{"id_usuario": 66, "evento": "entrega", "produto": "celular", "timestamp": "2026-09-07T16:17:13.514565"}
{"id_usuario": 94, "evento": "entrega", "produto": "teclado", "timestamp": "2026-09-07T16:17:15.514875"}
{"id_usuario": 35, "evento": "entrega", "produto": "teclado", "timestamp": "2026-09-07T16:17:17.515640"}
{"id_usuario": 96, "evento": "clique", "produto": "mouse", "timestamp": "2026-09-07T16:17:19.516108"}
{"id_usuario": 45, "evento": "clique", "produto": "mouse", "timestamp": "2026-09-07T16:17:21.516462"}
{"id_usuario": 6, "evento": "clique", "produto": "notebook", "timestamp": "2026-09-07T16:17:23.517103"}
{"id_usuario": 64, "evento": "clique", "produto": "mouse", "timestamp": "2026-09-07T16:17:25.517514"}
{"id_usuario": 86, "evento": "carrinho", "produto": "celular", "timestamp": "2026-09-07T16:17:27.517999"}
{"id_usuario": 45, "evento": "entrega", "produto": "celular", "timestamp": "2026-09-07T16:17:29.518285"}
{"id_usuario": 75, "evento": "clique", "produto": "celular", "timestamp": "2026-09-07T16:17:31.518609"}
{"id_usuario": 36, "evento": "carrinho", "produto": "celular", "timestamp": "2026-09-07T16:17:33.518913"}
{"id_usuario": 30, "evento": "carrinho", "produto": "notebook", "timestamp": "2026-09-07T16:17:35.519533"}
{"id_usuario": 72, "evento": "clique", "produto": "celular", "timestamp": "2026-09-07T16:17:37.520086"}
{"id_usuario": 100, "evento": "clique", "produto": "mouse", "timestamp": "2026-09-07T16:17:39.520795"}
{"id_usuario": 83, "evento": "clique", "produto": "notebook", "timestamp": "2026-09-07T16:17:41.521281"}
{"id_usuario": 80, "evento": "entrega", "produto": "teclado", "timestamp": "2026-09-07T16:17:43.521842"}
{"id_usuario": 40, "evento": "carrinho", "produto": "celular", "timestamp": "2026-09-07T16:17:45.522798"}
{"id_usuario": 2, "evento": "carrinho", "produto": "mouse", "timestamp": "2026-09-07T16:17:47.523805"}
{"id_usuario": 34, "evento": "clique", "produto": "mouse", "timestamp": "2026-09-07T16:17:49.524349"}
{"id_usuario": 76, "evento": "entrega", "produto": "notebook", "timestamp": "2026-09-07T16:17:51.525941"}
{"id_usuario": 29, "evento": "clique", "produto": "teclado", "timestamp": "2026-09-07T16:17:53.526798"}
{"id_usuario": 37, "evento": "entrega", "produto": "mouse", "timestamp": "2026-09-07T16:17:55.527623"}
{"id_usuario": 92, "evento": "entrega", "produto": "mouse", "timestamp": "2026-09-07T16:17:57.527937"}
{"id_usuario": 56, "evento": "entrega", "produto": "mouse", "timestamp": "2026-09-07T16:17:59.528662"}
{"id_usuario": 20, "evento": "clique", "produto": "teclado", "timestamp": "2026-09-07T16:18:01.529014"}
{"id_usuario": 27, "evento": "clique", "produto": "teclado", "timestamp": "2026-09-07T16:18:03.529503"}
{"id_usuario": 27, "evento": "clique", "produto": "teclado", "timestamp": "2026-09-07T16:18:05.529802"}
{"id_usuario": 52, "evento": "entrega", "produto": "celular", "timestamp": "2026-09-07T16:18:07.530113"}
{"id_usuario": 1, "evento": "carrinho", "produto": "notebook", "timestamp": "2026-09-07T16:18:09.530460"}
{"id_usuario": 89, "evento": "carrinho", "produto": "notebook", "timestamp": "2026-09-07T16:18:11.530804"}
{"id_usuario": 83, "evento": "clique", "produto": "teclado", "timestamp": "2026-09-07T16:18:13.531437"}
{"id_usuario": 92, "evento": "clique", "produto": "celular", "timestamp": "2026-09-07T16:18:15.531988"}
{"id_usuario": 57, "evento": "clique", "produto": "celular", "timestamp": "2026-09-07T16:18:17.532331"}
{"id_usuario": 24, "evento": "clique", "produto": "notebook", "timestamp": "2026-09-07T16:18:19.532676"}
{"id_usuario": 23, "evento": "carrinho", "produto": "mouse", "timestamp": "2026-09-07T16:18:21.532979"}
{"id_usuario": 89, "evento": "clique", "produto": "teclado", "timestamp": "2026-09-07T16:18:23.533284"}
{"id_usuario": 22, "evento": "clique", "produto": "notebook", "timestamp": "2026-09-07T16:18:25.533918"}
{"id_usuario": 9, "evento": "clique", "produto": "teclado", "timestamp": "2026-09-07T16:18:27.534541"}
{"id_usuario": 6, "evento": "clique", "produto": "notebook", "timestamp": "2026-09-07T16:18:29.534852"}
{"id_usuario": 2, "evento": "clique", "produto": "celular", "timestamp": "2026-09-07T16:18:31.535166"}
{"id_usuario": 29, "evento": "carrinho", "produto": "mouse", "timestamp": "2026-09-07T16:18:33.535508"}
{"id_usuario": 61, "evento": "carrinho", "produto": "notebook", "timestamp": "2026-09-07T16:18:35.535817"}
{"id_usuario": 67, "evento": "entrega", "produto": "celular", "timestamp": "2026-09-07T16:18:37.536119"}
{"id_usuario": 59, "evento": "carrinho", "produto": "notebook", "timestamp": "2026-09-07T16:18:39.536450"}
{"id_usuario": 2, "evento": "entrega", "produto": "notebook", "timestamp": "2026-09-07T16:18:41.537090"}
{"id_usuario": 34, "evento": "entrega", "produto": "teclado", "timestamp": "2026-09-07T16:18:43.537573"}
{"id_usuario": 15, "evento": "clique", "produto": "mouse", "timestamp": "2026-09-07T16:18:45.537868"}
{"id_usuario": 36, "evento": "entrega", "produto": "teclado", "timestamp": "2026-09-07T16:18:47.538160"}
{"id_usuario": 84, "evento": "carrinho", "produto": "mouse", "timestamp": "2026-09-07T16:18:49.538452"}
{"id_usuario": 11, "evento": "clique", "produto": "teclado", "timestamp": "2026-09-07T16:18:51.538809"}
{"id_usuario": 57, "evento": "carrinho", "produto": "teclado", "timestamp": "2026-09-07T16:18:53.539150"}
{"id_usuario": 3, "evento": "entrega", "produto": "mouse", "timestamp": "2026-09-07T16:18:55.539777"}
{"id_usuario": 32, "evento": "carrinho", "produto": "mouse", "timestamp": "2026-09-07T16:18:57.540584"}
{"id_usuario": 46, "evento": "carrinho", "produto": "mouse", "timestamp": "2026-09-07T16:18:59.540876"}
{"id_usuario": 32, "evento": "entrega", "produto": "teclado", "timestamp": "2026-09-07T16:19:01.541166"}
{"id_usuario": 1, "evento": "clique", "produto": "celular", "timestamp": "2026-09-07T16:19:03.541503"}
{"id_usuario": 94, "evento": "carrinho", "produto": "notebook", "timestamp": "2026-09-07T16:19:05.541816"}
{"id_usuario": 38, "evento": "carrinho", "produto": "celular", "timestamp": "2026-09-07T16:19:07.542166"}
{"id_usuario": 21, "evento": "clique", "produto": "mouse", "timestamp": "2026-09-07T16:19:09.542523"}
{"id_usuario": 97, "evento": "carrinho", "produto": "mouse", "timestamp": "2026-09-07T16:19:11.542827"}
{"id_usuario": 48, "evento": "entrega", "produto": "celular", "timestamp": "2026-09-07T16:19:13.543434"}
{"id_usuario": 76, "evento": "clique", "produto": "mouse", "timestamp": "2026-09-07T16:19:15.543971"}
{"id_usuario": 72, "evento": "clique", "produto": "celular", "timestamp": "2026-09-07T16:19:17.544540"}
{"id_usuario": 76, "evento": "carrinho", "produto": "mouse", "timestamp": "2026-09-07T16:19:19.545127"}
{"id_usuario": 50, "evento": "clique", "produto": "teclado", "timestamp": "2026-09-07T16:19:21.545694"}
{"id_usuario": 65, "evento": "clique", "produto": "teclado", "timestamp": "2026-09-07T16:19:23.546030"}
{"id_usuario": 73, "evento": "carrinho", "produto": "notebook", "timestamp": "2026-09-07T16:19:25.546554"}
{"id_usuario": 100, "evento": "clique", "produto": "notebook", "timestamp": "2026-09-07T16:19:27.546908"}
{"id_usuario": 85, "evento": "entrega", "produto": "celular", "timestamp": "2026-09-07T16:19:29.547523"}
{"id_usuario": 68, "evento": "clique", "produto": "teclado", "timestamp": "2026-09-07T16:19:31.547827"}
{"id_usuario": 25, "evento": "clique", "produto": "teclado", "timestamp": "2026-09-07T16:19:33.548355"}
{"id_usuario": 62, "evento": "carrinho", "produto": "notebook", "timestamp": "2026-09-07T16:19:35.548919"}
{"id_usuario": 11, "evento": "clique", "produto": "teclado", "timestamp": "2026-09-07T16:19:37.549253"}
{"id_usuario": 32, "evento": "carrinho", "produto": "notebook", "timestamp": "2026-09-07T16:19:39.549561"}
{"id_usuario": 90, "evento": "entrega", "produto": "notebook", "timestamp": "2026-09-07T16:19:41.551088"}
{"id_usuario": 87, "evento": "entrega", "produto": "celular", "timestamp": "2026-09-07T16:19:43.551781"}
{"id_usuario": 83, "evento": "carrinho", "produto": "notebook", "timestamp": "2026-09-07T16:19:45.552448"}
{"id_usuario": 4, "evento": "carrinho", "produto": "notebook", "timestamp": "2026-09-07T16:19:47.552956"}
{"id_usuario": 43, "evento": "entrega", "produto": "teclado", "timestamp": "2026-09-07T16:19:49.553525"}
{"id_usuario": 66, "evento": "carrinho", "produto": "mouse", "timestamp": "2026-09-07T16:19:51.554078"}
{"id_usuario": 82, "evento": "carrinho", "produto": "notebook", "timestamp": "2026-09-07T16:19:53.554677"}
{"id_usuario": 55, "evento": "entrega", "produto": "notebook", "timestamp": "2026-09-07T16:19:55.554980"}
{"id_usuario": 23, "evento": "entrega", "produto": "mouse", "timestamp": "2026-09-07T16:19:57.555556"}
{"id_usuario": 10, "evento": "clique", "produto": "notebook", "timestamp": "2026-09-07T16:19:59.555848"}
{"id_usuario": 33, "evento": "clique", "produto": "notebook", "timestamp": "2026-09-07T16:20:01.556431"}
{"id_usuario": 94, "evento": "entrega", "produto": "teclado", "timestamp": "2026-09-07T16:20:03.557518"}
{"id_usuario": 5, "evento": "entrega", "produto": "teclado", "timestamp": "2026-09-07T16:20:05.557983"}
{"id_usuario": 2, "evento": "clique", "produto": "notebook", "timestamp": "2026-09-07T16:20:07.558270"}
{"id_usuario": 77, "evento": "carrinho", "produto": "teclado", "timestamp": "2026-09-07T16:20:09.558574"}
{"id_usuario": 3, "evento": "entrega", "produto": "celular", "timestamp": "2026-09-07T16:20:11.559039"}
{"id_usuario": 64, "evento": "carrinho", "produto": "teclado", "timestamp": "2026-09-07T16:20:13.559330"}
{"id_usuario": 75, "evento": "clique", "produto": "teclado", "timestamp": "2026-09-07T16:20:15.559821"}
{"id_usuario": 93, "evento": "carrinho", "produto": "notebook", "timestamp": "2026-09-07T16:20:17.560120"}
{"id_usuario": 83, "evento": "carrinho", "produto": "teclado", "timestamp": "2026-09-07T16:20:19.560556"}
{"id_usuario": 30, "evento": "clique", "produto": "mouse", "timestamp": "2026-09-07T16:20:21.561023"}
{"id_usuario": 84, "evento": "carrinho", "produto": "mouse", "timestamp": "2026-09-07T16:20:23.561360"}
{"id_usuario": 1, "evento": "entrega", "produto": "mouse", "timestamp": "2026-09-07T16:20:25.562031"}
{"id_usuario": 30, "evento": "clique", "produto": "celular", "timestamp": "2026-09-07T16:20:27.562358"}
{"id_usuario": 29, "evento": "carrinho", "produto": "celular", "timestamp": "2026-09-07T16:20:29.562966"}
{"id_usuario": 37, "evento": "clique", "produto": "teclado", "timestamp": "2026-09-07T16:20:31.563660"}
{"id_usuario": 28, "evento": "carrinho", "produto": "notebook", "timestamp": "2026-09-07T16:20:33.564110"}
{"id_usuario": 53, "evento": "carrinho", "produto": "notebook", "timestamp": "2026-09-07T16:20:35.564558"}
{"id_usuario": 4, "evento": "entrega", "produto": "mouse", "timestamp": "2026-09-07T16:20:37.565134"}
{"id_usuario": 50, "evento": "carrinho", "produto": "teclado", "timestamp": "2026-09-07T16:20:39.565723"}
{"id_usuario": 4, "evento": "clique", "produto": "mouse", "timestamp": "2026-09-07T16:20:41.566179"}
{"id_usuario": 97, "evento": "entrega", "produto": "teclado", "timestamp": "2026-09-07T16:20:43.566649"}
{"id_usuario": 45, "evento": "clique", "produto": "celular", "timestamp": "2026-09-07T16:20:45.566937"}
{"id_usuario": 5, "evento": "entrega", "produto": "notebook", "timestamp": "2026-09-07T16:20:47.567518"}
{"id_usuario": 48, "evento": "carrinho", "produto": "celular", "timestamp": "2026-09-07T16:20:49.568051"}
{"id_usuario": 66, "evento": "clique", "produto": "teclado", "timestamp": "2026-09-07T16:20:51.568359"}
{"id_usuario": 53, "evento": "entrega", "produto": "celular", "timestamp": "2026-09-07T16:20:53.568692"}
{"id_usuario": 16, "evento": "carrinho", "produto": "notebook", "timestamp": "2026-09-07T16:20:55.569010"}
{"id_usuario": 25, "evento": "clique", "produto": "notebook", "timestamp": "2026-09-07T16:20:57.569332"}
{"id_usuario": 54, "evento": "carrinho", "produto": "mouse", "timestamp": "2026-09-07T16:20:59.569676"}
{"id_usuario": 41, "evento": "entrega", "produto": "celular", "timestamp": "2026-09-07T16:21:01.569995"}
{"id_usuario": 11, "evento": "clique", "produto": "celular", "timestamp": "2026-09-07T16:21:03.570300"}
{"id_usuario": 75, "evento": "clique", "produto": "notebook", "timestamp": "2026-09-07T16:21:05.570631"}
{"id_usuario": 1, "evento": "carrinho", "produto": "teclado", "timestamp": "2026-09-07T16:21:07.571103"}
{"id_usuario": 81, "evento": "entrega", "produto": "teclado", "timestamp": "2026-09-07T16:21:09.571592"}
{"id_usuario": 13, "evento": "carrinho", "produto": "notebook", "timestamp": "2026-09-07T16:21:11.571932"}
{"id_usuario": 5, "evento": "entrega", "produto": "mouse", "timestamp": "2026-09-07T16:21:13.572436"}
{"id_usuario": 74, "evento": "clique", "produto": "celular", "timestamp": "2026-09-07T16:21:15.572881"}
{"id_usuario": 59, "evento": "carrinho", "produto": "mouse", "timestamp": "2026-09-07T16:21:17.573713"}
{"id_usuario": 26, "evento": "entrega", "produto": "celular", "timestamp": "2026-09-07T16:21:19.574125"}
{"id_usuario": 69, "evento": "carrinho", "produto": "notebook", "timestamp": "2026-09-07T16:21:21.574631"}
{"id_usuario": 83, "evento": "carrinho", "produto": "celular", "timestamp": "2026-09-07T16:21:23.575172"}
{"id_usuario": 9, "evento": "carrinho", "produto": "mouse", "timestamp": "2026-09-07T16:21:25.575754"}
{"id_usuario": 55, "evento": "entrega", "produto": "teclado", "timestamp": "2026-09-07T16:21:27.576277"}
{"id_usuario": 63, "evento": "carrinho", "produto": "mouse", "timestamp": "2026-09-07T16:21:29.577048"}
{"id_usuario": 2, "evento": "entrega", "produto": "teclado", "timestamp": "2026-09-07T16:21:31.577830"}
{"id_usuario": 30, "evento": "entrega", "produto": "mouse", "timestamp": "2026-09-07T16:21:33.578308"}
{"id_usuario": 46, "evento": "carrinho", "produto": "notebook", "timestamp": "2026-09-07T16:21:35.578684"}
{"id_usuario": 98, "evento": "clique", "produto": "notebook", "timestamp": "2026-09-07T16:21:37.579056"}
{"id_usuario": 33, "evento": "entrega", "produto": "celular", "timestamp": "2026-09-07T16:21:39.579386"}
{"id_usuario": 69, "evento": "entrega", "produto": "mouse", "timestamp": "2026-09-07T16:21:41.580168"}
{"id_usuario": 20, "evento": "clique", "produto": "celular", "timestamp": "2026-09-07T16:21:43.580460"}
{"id_usuario": 88, "evento": "clique", "produto": "mouse", "timestamp": "2026-09-07T16:21:45.580781"}
{"id_usuario": 5, "evento": "entrega", "produto": "celular", "timestamp": "2026-09-07T16:21:47.581088"}
{"id_usuario": 22, "evento": "clique", "produto": "notebook", "timestamp": "2026-09-07T16:21:49.581690"}
{"id_usuario": 79, "evento": "carrinho", "produto": "celular", "timestamp": "2026-09-07T16:21:51.582113"}
{"id_usuario": 23, "evento": "carrinho", "produto": "celular", "timestamp": "2026-09-07T16:21:53.582666"}
{"id_usuario": 95, "evento": "entrega", "produto": "teclado", "timestamp": "2026-09-07T16:21:55.583415"}
{"id_usuario": 59, "evento": "clique", "produto": "teclado", "timestamp": "2026-09-07T16:21:57.584023"}
{"id_usuario": 46, "evento": "carrinho", "produto": "celular", "timestamp": "2026-09-07T16:21:59.584514"}
{"id_usuario": 79, "evento": "clique", "produto": "mouse", "timestamp": "2026-09-07T16:22:01.585056"}
{"id_usuario": 59, "evento": "entrega", "produto": "celular", "timestamp": "2026-09-07T16:22:03.585760"}
{"id_usuario": 79, "evento": "carrinho", "produto": "mouse", "timestamp": "2026-09-07T16:22:05.586278"}
{"id_usuario": 32, "evento": "entrega", "produto": "celular", "timestamp": "2026-09-07T16:22:07.586655"}
{"id_usuario": 34, "evento": "carrinho", "produto": "notebook", "timestamp": "2026-09-07T16:22:09.587242"}
{"id_usuario": 93, "evento": "entrega", "produto": "teclado", "timestamp": "2026-09-07T16:22:11.587748"}
{"id_usuario": 42, "evento": "clique", "produto": "notebook", "timestamp": "2026-09-07T16:22:13.588070"}
{"id_usuario": 21, "evento": "clique", "produto": "mouse", "timestamp": "2026-09-07T16:22:15.588406"}
{"id_usuario": 93, "evento": "clique", "produto": "teclado", "timestamp": "2026-09-07T16:22:17.588757"}
{"id_usuario": 40, "evento": "carrinho", "produto": "notebook", "timestamp": "2026-09-07T16:22:19.589086"}
{"id_usuario": 73, "evento": "entrega", "produto": "notebook", "timestamp": "2026-09-07T16:22:21.589420"}
{"id_usuario": 41, "evento": "clique", "produto": "notebook", "timestamp": "2026-09-07T16:22:23.591542"}
{"id_usuario": 40, "evento": "carrinho", "produto": "notebook", "timestamp": "2026-09-07T16:22:25.592204"}
{"id_usuario": 68, "evento": "clique", "produto": "notebook", "timestamp": "2026-09-07T16:22:27.592766"}
{"id_usuario": 83, "evento": "clique", "produto": "celular", "timestamp": "2026-09-07T16:22:29.593300"}
{"id_usuario": 1, "evento": "carrinho", "produto": "teclado", "timestamp": "2026-09-07T16:22:31.593673"}
{"id_usuario": 66, "evento": "clique", "produto": "mouse", "timestamp": "2026-09-07T16:22:33.594041"}
{"id_usuario": 12, "evento": "carrinho", "produto": "notebook", "timestamp": "2026-09-07T16:22:35.594564"}
{"id_usuario": 74, "evento": "carrinho", "produto": "teclado", "timestamp": "2026-09-07T16:22:37.595090"}
{"id_usuario": 50, "evento": "clique", "produto": "teclado", "timestamp": "2026-09-07T16:22:39.595429"}
{"id_usuario": 46, "evento": "carrinho", "produto": "teclado", "timestamp": "2026-09-07T16:22:41.596017"}
{"id_usuario": 34, "evento": "entrega", "produto": "celular", "timestamp": "2026-09-07T16:22:43.596521"}
{"id_usuario": 80, "evento": "clique", "produto": "celular", "timestamp": "2026-09-07T16:22:45.597074"}
{"id_usuario": 48, "evento": "entrega", "produto": "celular", "timestamp": "2026-09-07T16:22:47.597663"}
{"id_usuario": 63, "evento": "clique", "produto": "mouse", "timestamp": "2026-09-07T16:22:49.598892"}
{"id_usuario": 47, "evento": "carrinho", "produto": "notebook", "timestamp": "2026-09-07T16:22:51.599325"}
{"id_usuario": 76, "evento": "entrega", "produto": "notebook", "timestamp": "2026-09-07T16:22:53.599935"}
{"id_usuario": 46, "evento": "clique", "produto": "celular", "timestamp": "2026-09-07T16:22:55.600496"}
{"id_usuario": 90, "evento": "clique", "produto": "notebook", "timestamp": "2026-09-07T16:22:57.602575"}
{"id_usuario": 47, "evento": "clique", "produto": "notebook", "timestamp": "2026-09-07T16:22:59.603526"}
{"id_usuario": 1, "evento": "carrinho", "produto": "mouse", "timestamp": "2026-09-07T16:23:01.603801"}
{"id_usuario": 67, "evento": "entrega", "produto": "celular", "timestamp": "2026-09-07T16:23:03.604317"}
{"id_usuario": 51, "evento": "clique", "produto": "teclado", "timestamp": "2026-09-07T16:23:05.605096"}
{"id_usuario": 40, "evento": "clique", "produto": "celular", "timestamp": "2026-09-07T16:23:07.605426"}
{"id_usuario": 33, "evento": "carrinho", "produto": "teclado", "timestamp": "2026-09-07T16:23:09.606094"}
{"id_usuario": 71, "evento": "carrinho", "produto": "mouse", "timestamp": "2026-09-07T16:23:11.606661"}
{"id_usuario": 7, "evento": "entrega", "produto": "celular", "timestamp": "2026-09-07T16:23:13.607021"}
{"id_usuario": 38, "evento": "clique", "produto": "teclado", "timestamp": "2026-09-07T16:23:15.607381"}
{"id_usuario": 8, "evento": "clique", "produto": "mouse", "timestamp": "2026-09-07T16:23:17.608017"}
{"id_usuario": 57, "evento": "entrega", "produto": "notebook", "timestamp": "2026-09-07T16:23:19.608553"}
{"id_usuario": 70, "evento": "entrega", "produto": "mouse", "timestamp": "2026-09-07T16:23:21.609121"}
{"id_usuario": 94, "evento": "clique", "produto": "teclado", "timestamp": "2026-09-07T16:23:23.609660"}
{"id_usuario": 78, "evento": "clique", "produto": "notebook", "timestamp": "2026-09-07T16:23:25.609980"}
{"id_usuario": 81, "evento": "carrinho", "produto": "mouse", "timestamp": "2026-09-07T16:23:27.610354"}
{"id_usuario": 27, "evento": "clique", "produto": "teclado", "timestamp": "2026-09-07T16:23:29.610743"}
{"id_usuario": 64, "evento": "clique", "produto": "mouse", "timestamp": "2026-09-07T16:23:31.611109"}
{"id_usuario": 30, "evento": "clique", "produto": "notebook", "timestamp": "2026-09-07T16:23:33.611467"}
{"id_usuario": 67, "evento": "carrinho", "produto": "notebook", "timestamp": "2026-09-07T16:23:35.612094"}
{"id_usuario": 4, "evento": "carrinho", "produto": "mouse", "timestamp": "2026-09-07T16:23:37.612739"}
{"id_usuario": 77, "evento": "entrega", "produto": "notebook", "timestamp": "2026-09-07T16:23:39.613270"}
{"id_usuario": 13, "evento": "entrega", "produto": "mouse", "timestamp": "2026-09-07T16:23:41.613869"}
{"id_usuario": 67, "evento": "carrinho", "produto": "teclado", "timestamp": "2026-09-07T16:23:43.614504"}
{"id_usuario": 34, "evento": "clique", "produto": "mouse", "timestamp": "2026-09-07T16:23:45.615010"}
{"id_usuario": 6, "evento": "clique", "produto": "notebook", "timestamp": "2026-09-07T16:23:47.616244"}
{"id_usuario": 75, "evento": "entrega", "produto": "celular", "timestamp": "2026-09-07T16:23:49.616796"}
{"id_usuario": 41, "evento": "carrinho", "produto": "teclado", "timestamp": "2026-09-07T16:23:51.617283"}
{"id_usuario": 80, "evento": "carrinho", "produto": "teclado", "timestamp": "2026-09-07T16:23:53.617634"}
{"id_usuario": 40, "evento": "clique", "produto": "notebook", "timestamp": "2026-09-07T16:23:55.617961"}
{"id_usuario": 61, "evento": "clique", "produto": "teclado", "timestamp": "2026-09-07T16:23:57.618666"}
{"id_usuario": 65, "evento": "clique", "produto": "mouse", "timestamp": "2026-09-07T16:23:59.619157"}
{"id_usuario": 2, "evento": "entrega", "produto": "celular", "timestamp": "2026-09-07T16:24:01.619704"}
{"id_usuario": 72, "evento": "carrinho", "produto": "notebook", "timestamp": "2026-09-07T16:24:03.620147"}
{"id_usuario": 61, "evento": "clique", "produto": "teclado", "timestamp": "2026-09-07T16:24:05.620510"}
{"id_usuario": 32, "evento": "clique", "produto": "celular", "timestamp": "2026-09-07T16:24:07.621006"}
{"id_usuario": 40, "evento": "clique", "produto": "mouse", "timestamp": "2026-09-07T16:24:09.621520"}
{"id_usuario": 12, "evento": "clique", "produto": "mouse", "timestamp": "2026-09-07T16:24:11.621812"}
{"id_usuario": 68, "evento": "entrega", "produto": "notebook", "timestamp": "2026-09-07T16:24:13.622235"}
{"id_usuario": 72, "evento": "entrega", "produto": "notebook", "timestamp": "2026-09-07T16:24:15.622837"}
{"id_usuario": 49, "evento": "clique", "produto": "celular", "timestamp": "2026-09-07T16:24:17.623324"}
{"id_usuario": 41, "evento": "entrega", "produto": "teclado", "timestamp": "2026-09-07T16:24:19.623658"}
{"id_usuario": 81, "evento": "carrinho", "produto": "teclado", "timestamp": "2026-09-07T16:24:21.624137"}
{"id_usuario": 94, "evento": "entrega", "produto": "celular", "timestamp": "2026-09-07T16:24:23.624628"}
{"id_usuario": 77, "evento": "clique", "produto": "teclado", "timestamp": "2026-09-07T16:24:25.624946"}
{"id_usuario": 10, "evento": "clique", "produto": "mouse", "timestamp": "2026-09-07T16:24:27.625270"}
{"id_usuario": 74, "evento": "entrega", "produto": "celular", "timestamp": "2026-09-07T16:24:29.625960"}
{"id_usuario": 39, "evento": "entrega", "produto": "celular", "timestamp": "2026-09-07T16:24:31.626809"}
{"id_usuario": 1, "evento": "entrega", "produto": "teclado", "timestamp": "2026-09-07T16:24:33.627211"}
{"id_usuario": 37, "evento": "clique", "produto": "mouse", "timestamp": "2026-09-07T16:24:35.627700"}
{"id_usuario": 18, "evento": "clique", "produto": "notebook", "timestamp": "2026-09-07T16:24:37.628004"}
{"id_usuario": 83, "evento": "entrega", "produto": "notebook", "timestamp": "2026-09-07T16:24:39.628591"}
{"id_usuario": 96, "evento": "carrinho", "produto": "teclado", "timestamp": "2026-09-07T16:24:41.628936"}
{"id_usuario": 5, "evento": "carrinho", "produto": "celular", "timestamp": "2026-09-07T16:24:43.629273"}
{"id_usuario": 3, "evento": "carrinho", "produto": "mouse", "timestamp": "2026-09-07T16:24:45.629751"}
{"id_usuario": 38, "evento": "entrega", "produto": "celular", "timestamp": "2026-09-07T16:24:47.630469"}
{"id_usuario": 58, "evento": "carrinho", "produto": "teclado", "timestamp": "2026-09-07T16:24:49.630815"}
{"id_usuario": 4, "evento": "clique", "produto": "teclado", "timestamp": "2026-09-07T16:24:51.631155"}
{"id_usuario": 18, "evento": "entrega", "produto": "mouse", "timestamp": "2026-09-07T16:24:53.631519"}
{"id_usuario": 84, "evento": "entrega", "produto": "mouse", "timestamp": "2026-09-07T16:24:55.631832"}
{"id_usuario": 43, "evento": "carrinho", "produto": "teclado", "timestamp": "2026-09-07T16:24:57.632400"}
{"id_usuario": 37, "evento": "carrinho", "produto": "mouse", "timestamp": "2026-09-07T16:24:59.632739"}
{"id_usuario": 17, "evento": "carrinho", "produto": "teclado", "timestamp": "2026-09-07T16:25:01.633158"}
{"id_usuario": 4, "evento": "carrinho", "produto": "teclado", "timestamp": "2026-09-07T16:25:03.633503"}
{"id_usuario": 15, "evento": "clique", "produto": "celular", "timestamp": "2026-09-07T16:25:05.633809"}
{"id_usuario": 8, "evento": "entrega", "produto": "teclado", "timestamp": "2026-09-07T16:25:07.634110"}
{"id_usuario": 87, "evento": "carrinho", "produto": "mouse", "timestamp": "2026-09-07T16:25:09.634561"}
{"id_usuario": 50, "evento": "entrega", "produto": "mouse", "timestamp": "2026-09-07T16:25:11.634861"}
{"id_usuario": 2, "evento": "carrinho", "produto": "teclado", "timestamp": "2026-09-07T16:25:13.635419"}
{"id_usuario": 65, "evento": "clique", "produto": "mouse", "timestamp": "2026-09-07T16:25:15.635981"}
{"id_usuario": 67, "evento": "carrinho", "produto": "notebook", "timestamp": "2026-09-07T16:25:17.636276"}
{"id_usuario": 63, "evento": "carrinho", "produto": "teclado", "timestamp": "2026-09-07T16:25:19.636567"}
{"id_usuario": 39, "evento": "clique", "produto": "celular", "timestamp": "2026-09-07T16:25:21.636857"}
{"id_usuario": 45, "evento": "carrinho", "produto": "celular", "timestamp": "2026-09-07T16:25:23.637265"}
{"id_usuario": 54, "evento": "carrinho", "produto": "mouse", "timestamp": "2026-09-07T16:25:25.637758"}
{"id_usuario": 24, "evento": "entrega", "produto": "mouse", "timestamp": "2026-09-07T16:25:27.638241"}
{"id_usuario": 1, "evento": "entrega", "produto": "teclado", "timestamp": "2026-09-07T16:25:29.638538"}
{"id_usuario": 28, "evento": "carrinho", "produto": "notebook", "timestamp": "2026-09-07T16:25:31.638986"}
{"id_usuario": 9, "evento": "clique", "produto": "celular", "timestamp": "2026-09-07T16:25:33.639779"}
{"id_usuario": 39, "evento": "carrinho", "produto": "teclado", "timestamp": "2026-09-07T16:25:35.640284"}
{"id_usuario": 54, "evento": "carrinho", "produto": "mouse", "timestamp": "2026-09-07T16:25:37.640782"}
{"id_usuario": 5, "evento": "carrinho", "produto": "mouse", "timestamp": "2026-09-07T16:25:39.641235"}
{"id_usuario": 2, "evento": "clique", "produto": "teclado", "timestamp": "2026-09-07T16:25:41.641703"}
{"id_usuario": 14, "evento": "carrinho", "produto": "celular", "timestamp": "2026-09-07T16:25:43.642932"}
{"id_usuario": 41, "evento": "clique", "produto": "teclado", "timestamp": "2026-09-07T16:25:45.643272"}
{"id_usuario": 13, "evento": "entrega", "produto": "mouse", "timestamp": "2026-09-07T16:25:47.643756"}
{"id_usuario": 47, "evento": "clique", "produto": "mouse", "timestamp": "2026-09-07T16:25:49.644049"}
{"id_usuario": 91, "evento": "entrega", "produto": "notebook", "timestamp": "2026-09-07T16:25:51.645500"}
{"id_usuario": 70, "evento": "carrinho", "produto": "notebook", "timestamp": "2026-09-07T16:25:53.646044"}
{"id_usuario": 35, "evento": "clique", "produto": "celular", "timestamp": "2026-09-07T16:25:55.646528"}
{"id_usuario": 14, "evento": "clique", "produto": "mouse", "timestamp": "2026-09-07T16:25:57.646947"}
{"id_usuario": 70, "evento": "carrinho", "produto": "notebook", "timestamp": "2026-09-07T16:25:59.647593"}
{"id_usuario": 52, "evento": "clique", "produto": "mouse", "timestamp": "2026-09-07T16:26:01.648029"}
{"id_usuario": 25, "evento": "clique", "produto": "notebook", "timestamp": "2026-09-07T16:26:03.648694"}
{"id_usuario": 3, "evento": "entrega", "produto": "mouse", "timestamp": "2026-09-07T16:26:05.649171"}
{"id_usuario": 9, "evento": "entrega", "produto": "notebook", "timestamp": "2026-09-07T16:26:07.649665"}
{"id_usuario": 39, "evento": "entrega", "produto": "notebook", "timestamp": "2026-09-07T16:26:09.650355"}
{"id_usuario": 47, "evento": "carrinho", "produto": "notebook", "timestamp": "2026-09-07T16:26:11.650709"}
{"id_usuario": 10, "evento": "carrinho", "produto": "notebook", "timestamp": "2026-09-07T16:26:13.651122"}
{"id_usuario": 55, "evento": "entrega", "produto": "teclado", "timestamp": "2026-09-07T16:26:15.651593"}
{"id_usuario": 68, "evento": "carrinho", "produto": "celular", "timestamp": "2026-09-07T16:26:17.652169"}
{"id_usuario": 46, "evento": "carrinho", "produto": "celular", "timestamp": "2026-09-07T16:26:19.652840"}
{"id_usuario": 34, "evento": "entrega", "produto": "teclado", "timestamp": "2026-09-07T16:26:21.653281"}
{"id_usuario": 96, "evento": "clique", "produto": "teclado", "timestamp": "2026-09-07T16:26:23.653778"}
{"id_usuario": 54, "evento": "clique", "produto": "celular", "timestamp": "2026-09-07T16:26:25.654149"}
{"id_usuario": 79, "evento": "carrinho", "produto": "mouse", "timestamp": "2026-09-07T16:26:27.654632"}
{"id_usuario": 58, "evento": "carrinho", "produto": "teclado", "timestamp": "2026-09-07T16:26:29.655195"}
{"id_usuario": 49, "evento": "carrinho", "produto": "celular", "timestamp": "2026-09-07T16:26:31.655656"}
{"id_usuario": 14, "evento": "clique", "produto": "celular", "timestamp": "2026-09-07T16:26:33.655952"}
{"id_usuario": 31, "evento": "clique", "produto": "celular", "timestamp": "2026-09-07T16:26:35.656539"}
{"id_usuario": 77, "evento": "carrinho", "produto": "teclado", "timestamp": "2026-09-07T16:26:37.657078"}
{"id_usuario": 53, "evento": "entrega", "produto": "notebook", "timestamp": "2026-09-07T16:26:39.657527"}
{"id_usuario": 76, "evento": "entrega", "produto": "teclado", "timestamp": "2026-09-07T16:26:41.658129"}
{"id_usuario": 68, "evento": "clique", "produto": "mouse", "timestamp": "2026-09-07T16:26:43.658744"}
{"id_usuario": 9, "evento": "entrega", "produto": "notebook", "timestamp": "2026-09-07T16:26:45.659268"}
{"id_usuario": 78, "evento": "clique", "produto": "teclado", "timestamp": "2026-09-07T16:26:47.659904"}
{"id_usuario": 68, "evento": "entrega", "produto": "celular", "timestamp": "2026-09-07T16:26:49.660221"}
{"id_usuario": 38, "evento": "entrega", "produto": "notebook", "timestamp": "2026-09-07T16:26:51.660544"}
{"id_usuario": 11, "evento": "clique", "produto": "celular", "timestamp": "2026-09-07T16:26:53.660874"}
{"id_usuario": 70, "evento": "clique", "produto": "notebook", "timestamp": "2026-09-07T16:26:55.661353"}
{"id_usuario": 11, "evento": "clique", "produto": "notebook", "timestamp": "2026-09-07T16:26:57.661888"}
{"id_usuario": 71, "evento": "entrega", "produto": "notebook", "timestamp": "2026-09-07T16:26:59.662371"}
{"id_usuario": 63, "evento": "entrega", "produto": "mouse", "timestamp": "2026-09-07T16:27:01.662955"}
{"id_usuario": 80, "evento": "entrega", "produto": "teclado", "timestamp": "2026-09-07T16:27:03.663281"}
{"id_usuario": 93, "evento": "entrega", "produto": "celular", "timestamp": "2026-09-07T16:27:05.663803"}
{"id_usuario": 14, "evento": "carrinho", "produto": "teclado", "timestamp": "2026-09-07T16:27:07.664099"}
{"id_usuario": 62, "evento": "carrinho", "produto": "teclado", "timestamp": "2026-09-07T16:27:09.664405"}
{"id_usuario": 94, "evento": "carrinho", "produto": "celular", "timestamp": "2026-09-07T16:27:11.664740"}
{"id_usuario": 77, "evento": "entrega", "produto": "mouse", "timestamp": "2026-09-07T16:27:13.665034"}
{"id_usuario": 78, "evento": "entrega", "produto": "mouse", "timestamp": "2026-09-07T16:27:15.665437"}
{"id_usuario": 77, "evento": "carrinho", "produto": "notebook", "timestamp": "2026-09-07T16:27:17.665756"}
{"id_usuario": 63, "evento": "entrega", "produto": "celular", "timestamp": "2026-09-07T16:27:19.666340"}
{"id_usuario": 31, "evento": "carrinho", "produto": "notebook", "timestamp": "2026-09-07T16:27:21.666859"}
{"id_usuario": 41, "evento": "carrinho", "produto": "teclado", "timestamp": "2026-09-07T16:27:23.667179"}
{"id_usuario": 7, "evento": "carrinho", "produto": "notebook", "timestamp": "2026-09-07T16:27:25.668972"}
{"id_usuario": 18, "evento": "clique", "produto": "celular", "timestamp": "2026-09-07T16:27:27.669293"}
{"id_usuario": 66, "evento": "carrinho", "produto": "celular", "timestamp": "2026-09-07T16:27:29.669614"}
{"id_usuario": 89, "evento": "clique", "produto": "teclado", "timestamp": "2026-09-07T16:27:31.670139"}
{"id_usuario": 88, "evento": "entrega", "produto": "teclado", "timestamp": "2026-09-07T16:27:33.670709"}
{"id_usuario": 64, "evento": "clique", "produto": "celular", "timestamp": "2026-09-07T16:27:35.671118"}
{"id_usuario": 44, "evento": "entrega", "produto": "mouse", "timestamp": "2026-09-07T16:27:37.671449"}
{"id_usuario": 60, "evento": "carrinho", "produto": "celular", "timestamp": "2026-09-07T16:27:39.672064"}
{"id_usuario": 16, "evento": "entrega", "produto": "teclado", "timestamp": "2026-09-07T16:27:41.672497"}
{"id_usuario": 67, "evento": "clique", "produto": "teclado", "timestamp": "2026-09-07T16:27:43.672926"}
{"id_usuario": 86, "evento": "clique", "produto": "notebook", "timestamp": "2026-09-07T16:27:45.673218"}
{"id_usuario": 1, "evento": "entrega", "produto": "teclado", "timestamp": "2026-09-07T16:27:47.673769"}
{"id_usuario": 22, "evento": "clique", "produto": "celular", "timestamp": "2026-09-07T16:27:49.674435"}
{"id_usuario": 82, "evento": "carrinho", "produto": "mouse", "timestamp": "2026-09-07T16:27:51.674967"}
{"id_usuario": 10, "evento": "clique", "produto": "mouse", "timestamp": "2026-09-07T16:27:53.675305"}
{"id_usuario": 69, "evento": "carrinho", "produto": "mouse", "timestamp": "2026-09-07T16:27:55.675829"}
{"id_usuario": 80, "evento": "entrega", "produto": "teclado", "timestamp": "2026-09-07T16:27:57.676136"}
{"id_usuario": 46, "evento": "entrega", "produto": "celular", "timestamp": "2026-09-07T16:27:59.676431"}
{"id_usuario": 36, "evento": "entrega", "produto": "notebook", "timestamp": "2026-09-07T16:28:01.676756"}
{"id_usuario": 92, "evento": "carrinho", "produto": "mouse", "timestamp": "2026-09-07T16:28:03.677063"}
{"id_usuario": 8, "evento": "clique", "produto": "celular", "timestamp": "2026-09-07T16:28:05.677415"}
{"id_usuario": 38, "evento": "entrega", "produto": "teclado", "timestamp": "2026-09-07T16:28:07.677845"}
{"id_usuario": 99, "evento": "clique", "produto": "teclado", "timestamp": "2026-09-07T16:28:09.678261"}
{"id_usuario": 41, "evento": "entrega", "produto": "mouse", "timestamp": "2026-09-07T16:28:11.678884"}
{"id_usuario": 47, "evento": "entrega", "produto": "notebook", "timestamp": "2026-09-07T16:28:13.679534"}
{"id_usuario": 46, "evento": "carrinho", "produto": "notebook", "timestamp": "2026-09-07T16:28:15.679824"}
{"id_usuario": 69, "evento": "entrega", "produto": "teclado", "timestamp": "2026-09-07T16:28:17.680137"}
{"id_usuario": 50, "evento": "clique", "produto": "notebook", "timestamp": "2026-09-07T16:28:19.680467"}
{"id_usuario": 95, "evento": "carrinho", "produto": "celular", "timestamp": "2026-09-07T16:28:21.681229"}
{"id_usuario": 41, "evento": "carrinho", "produto": "teclado", "timestamp": "2026-09-07T16:28:23.681721"}
{"id_usuario": 29, "evento": "carrinho", "produto": "mouse", "timestamp": "2026-09-07T16:28:25.682035"}
{"id_usuario": 61, "evento": "carrinho", "produto": "celular", "timestamp": "2026-09-07T16:28:27.682348"}
{"id_usuario": 56, "evento": "entrega", "produto": "mouse", "timestamp": "2026-09-07T16:28:29.683049"}
{"id_usuario": 22, "evento": "clique", "produto": "celular", "timestamp": "2026-09-07T16:28:31.684774"}
{"id_usuario": 7, "evento": "clique", "produto": "mouse", "timestamp": "2026-09-07T16:28:33.685597"}
{"id_usuario": 33, "evento": "entrega", "produto": "notebook", "timestamp": "2026-09-07T16:28:35.686421"}
{"id_usuario": 41, "evento": "carrinho", "produto": "mouse", "timestamp": "2026-09-07T16:28:37.690260"}
{"id_usuario": 78, "evento": "clique", "produto": "teclado", "timestamp": "2026-09-07T16:28:39.690720"}
{"id_usuario": 75, "evento": "entrega", "produto": "teclado", "timestamp": "2026-09-07T16:28:41.691313"}
{"id_usuario": 16, "evento": "clique", "produto": "teclado", "timestamp": "2026-09-07T16:28:43.691677"}
{"id_usuario": 81, "evento": "clique", "produto": "mouse", "timestamp": "2026-09-07T16:28:45.692102"}
{"id_usuario": 62, "evento": "carrinho", "produto": "notebook", "timestamp": "2026-09-07T16:28:47.692404"}
{"id_usuario": 69, "evento": "carrinho", "produto": "notebook", "timestamp": "2026-09-07T16:28:49.692751"}
{"id_usuario": 6, "evento": "carrinho", "produto": "celular", "timestamp": "2026-09-07T16:28:51.693046"}
{"id_usuario": 46, "evento": "clique", "produto": "celular", "timestamp": "2026-09-07T16:28:53.693736"}
{"id_usuario": 50, "evento": "carrinho", "produto": "mouse", "timestamp": "2026-09-07T16:28:55.694129"}
{"id_usuario": 86, "evento": "clique", "produto": "celular", "timestamp": "2026-09-07T16:28:57.694718"}
{"id_usuario": 100, "evento": "clique", "produto": "celular", "timestamp": "2026-09-07T16:28:59.695207"}
{"id_usuario": 98, "evento": "carrinho", "produto": "celular", "timestamp": "2026-09-07T16:29:01.695495"}
{"id_usuario": 6, "evento": "clique", "produto": "mouse", "timestamp": "2026-09-07T16:29:03.695764"}
{"id_usuario": 82, "evento": "entrega", "produto": "notebook", "timestamp": "2026-09-07T16:29:05.696259"}
{"id_usuario": 92, "evento": "entrega", "produto": "teclado", "timestamp": "2026-09-07T16:29:07.696555"}
{"id_usuario": 84, "evento": "entrega", "produto": "teclado", "timestamp": "2026-09-07T16:29:09.696987"}
{"id_usuario": 97, "evento": "clique", "produto": "celular", "timestamp": "2026-09-07T16:29:11.697297"}
{"id_usuario": 40, "evento": "clique", "produto": "mouse", "timestamp": "2026-09-07T16:29:13.697601"}
{"id_usuario": 82, "evento": "clique", "produto": "mouse", "timestamp": "2026-09-07T16:29:15.698674"}
{"id_usuario": 49, "evento": "clique", "produto": "notebook", "timestamp": "2026-09-07T16:29:17.698968"}
{"id_usuario": 10, "evento": "entrega", "produto": "celular", "timestamp": "2026-09-07T16:29:19.699240"}
{"id_usuario": 94, "evento": "carrinho", "produto": "teclado", "timestamp": "2026-09-07T16:29:21.699511"}
{"id_usuario": 85, "evento": "carrinho", "produto": "celular", "timestamp": "2026-09-07T16:29:23.699798"}
{"id_usuario": 95, "evento": "clique", "produto": "mouse", "timestamp": "2026-09-07T16:29:25.700077"}
{"id_usuario": 52, "evento": "clique", "produto": "mouse", "timestamp": "2026-09-07T16:29:27.700351"}
{"id_usuario": 19, "evento": "clique", "produto": "celular", "timestamp": "2026-09-07T16:29:29.700667"}
{"id_usuario": 11, "evento": "carrinho", "produto": "teclado", "timestamp": "2026-09-07T16:29:31.701269"}
{"id_usuario": 92, "evento": "entrega", "produto": "notebook", "timestamp": "2026-09-07T16:29:33.701573"}
{"id_usuario": 42, "evento": "entrega", "produto": "teclado", "timestamp": "2026-09-07T16:29:35.701848"}
{"id_usuario": 42, "evento": "entrega", "produto": "notebook", "timestamp": "2026-09-07T16:29:37.702144"}
{"id_usuario": 6, "evento": "clique", "produto": "celular", "timestamp": "2026-09-07T16:29:39.702455"}
{"id_usuario": 99, "evento": "entrega", "produto": "celular", "timestamp": "2026-09-07T16:29:41.702818"}
{"id_usuario": 3, "evento": "clique", "produto": "teclado", "timestamp": "2026-09-07T16:29:43.703120"}
{"id_usuario": 74, "evento": "carrinho", "produto": "celular", "timestamp": "2026-09-07T16:29:45.703409"}
{"id_usuario": 95, "evento": "entrega", "produto": "mouse", "timestamp": "2026-09-07T16:29:47.703728"}
{"id_usuario": 51, "evento": "clique", "produto": "mouse", "timestamp": "2026-09-07T16:29:49.704027"}
{"id_usuario": 23, "evento": "clique", "produto": "mouse", "timestamp": "2026-09-07T16:29:51.704321"}
{"id_usuario": 46, "evento": "entrega", "produto": "celular", "timestamp": "2026-09-07T16:29:53.704875"}
{"id_usuario": 83, "evento": "carrinho", "produto": "teclado", "timestamp": "2026-09-07T16:29:55.705560"}
{"id_usuario": 87, "evento": "clique", "produto": "mouse", "timestamp": "2026-09-07T16:29:57.706080"}
{"id_usuario": 51, "evento": "carrinho", "produto": "notebook", "timestamp": "2026-09-07T16:29:59.706810"}
{"id_usuario": 20, "evento": "entrega", "produto": "notebook", "timestamp": "2026-09-07T16:30:01.707239"}
{"id_usuario": 28, "evento": "carrinho", "produto": "celular", "timestamp": "2026-09-07T16:30:03.707530"}
{"id_usuario": 97, "evento": "carrinho", "produto": "notebook", "timestamp": "2026-09-07T16:30:05.707847"}
{"id_usuario": 72, "evento": "clique", "produto": "celular", "timestamp": "2026-09-07T16:30:07.708146"}
{"id_usuario": 39, "evento": "clique", "produto": "celular", "timestamp": "2026-09-07T16:30:09.708443"}
{"id_usuario": 78, "evento": "clique", "produto": "celular", "timestamp": "2026-09-07T16:30:11.708892"}
{"id_usuario": 3, "evento": "entrega", "produto": "notebook", "timestamp": "2026-09-07T16:30:13.709852"}
{"id_usuario": 22, "evento": "clique", "produto": "notebook", "timestamp": "2026-09-07T16:30:15.710366"}
{"id_usuario": 39, "evento": "carrinho", "produto": "mouse", "timestamp": "2026-09-07T16:30:17.710725"}
{"id_usuario": 94, "evento": "carrinho", "produto": "mouse", "timestamp": "2026-09-07T16:30:19.711202"}
{"id_usuario": 10, "evento": "entrega", "produto": "teclado", "timestamp": "2026-09-07T16:30:21.711540"}
{"id_usuario": 47, "evento": "clique", "produto": "mouse", "timestamp": "2026-09-07T16:30:23.711855"}
{"id_usuario": 67, "evento": "clique", "produto": "notebook", "timestamp": "2026-09-07T16:30:25.712177"}
{"id_usuario": 14, "evento": "clique", "produto": "notebook", "timestamp": "2026-09-07T16:30:27.712514"}
{"id_usuario": 42, "evento": "clique", "produto": "mouse", "timestamp": "2026-09-07T16:30:29.712830"}
{"id_usuario": 84, "evento": "entrega", "produto": "mouse", "timestamp": "2026-09-07T16:30:31.713129"}
{"id_usuario": 94, "evento": "clique", "produto": "celular", "timestamp": "2026-09-07T16:30:33.713599"}
{"id_usuario": 54, "evento": "entrega", "produto": "teclado", "timestamp": "2026-09-07T16:30:35.714074"}
{"id_usuario": 89, "evento": "carrinho", "produto": "celular", "timestamp": "2026-09-07T16:30:37.714464"}
{"id_usuario": 4, "evento": "carrinho", "produto": "teclado", "timestamp": "2026-09-07T16:30:39.715033"}
{"id_usuario": 87, "evento": "entrega", "produto": "teclado", "timestamp": "2026-09-07T16:30:41.715352"}
{"id_usuario": 80, "evento": "carrinho", "produto": "notebook", "timestamp": "2026-09-07T16:30:43.715702"}
{"id_usuario": 26, "evento": "clique", "produto": "celular", "timestamp": "2026-09-07T16:30:45.716002"}
{"id_usuario": 64, "evento": "clique", "produto": "celular", "timestamp": "2026-09-07T16:30:47.716290"}
{"id_usuario": 10, "evento": "clique", "produto": "teclado", "timestamp": "2026-09-07T16:30:49.716720"}
{"id_usuario": 48, "evento": "carrinho", "produto": "notebook", "timestamp": "2026-09-07T16:30:51.717118"}
{"id_usuario": 73, "evento": "clique", "produto": "celular", "timestamp": "2026-09-07T16:30:53.717805"}
{"id_usuario": 50, "evento": "entrega", "produto": "notebook", "timestamp": "2026-09-07T16:30:55.718317"}
{"id_usuario": 51, "evento": "entrega", "produto": "celular", "timestamp": "2026-09-07T16:30:57.718640"}
{"id_usuario": 44, "evento": "carrinho", "produto": "mouse", "timestamp": "2026-09-07T16:30:59.718915"}
{"id_usuario": 23, "evento": "entrega", "produto": "celular", "timestamp": "2026-09-07T16:31:01.719429"}
{"id_usuario": 95, "evento": "carrinho", "produto": "celular", "timestamp": "2026-09-07T16:31:03.719895"}
{"id_usuario": 21, "evento": "carrinho", "produto": "celular", "timestamp": "2026-09-07T16:31:05.720197"}
{"id_usuario": 21, "evento": "carrinho", "produto": "mouse", "timestamp": "2026-09-07T16:31:07.720513"}
{"id_usuario": 21, "evento": "clique", "produto": "celular", "timestamp": "2026-09-07T16:31:09.720787"}
{"id_usuario": 26, "evento": "entrega", "produto": "teclado", "timestamp": "2026-09-07T16:31:11.721067"}
{"id_usuario": 89, "evento": "clique", "produto": "mouse", "timestamp": "2026-09-07T16:31:13.721396"}
{"id_usuario": 26, "evento": "entrega", "produto": "celular", "timestamp": "2026-09-07T16:31:15.723251"}
{"id_usuario": 56, "evento": "carrinho", "produto": "mouse", "timestamp": "2026-09-07T16:31:17.723733"}
{"id_usuario": 31, "evento": "entrega", "produto": "mouse", "timestamp": "2026-09-07T16:31:19.724194"}
{"id_usuario": 35, "evento": "entrega", "produto": "teclado", "timestamp": "2026-09-07T16:31:21.724725"}
{"id_usuario": 34, "evento": "clique", "produto": "celular", "timestamp": "2026-09-07T16:31:23.725030"}
{"id_usuario": 6, "evento": "carrinho", "produto": "notebook", "timestamp": "2026-09-07T16:31:25.726059"}
{"id_usuario": 8, "evento": "carrinho", "produto": "notebook", "timestamp": "2026-09-07T16:31:27.726612"}
{"id_usuario": 88, "evento": "carrinho", "produto": "notebook", "timestamp": "2026-09-07T16:31:29.727163"}
{"id_usuario": 56, "evento": "carrinho", "produto": "teclado", "timestamp": "2026-09-07T16:31:31.727625"}
{"id_usuario": 78, "evento": "entrega", "produto": "celular", "timestamp": "2026-09-07T16:31:33.728083"}
{"id_usuario": 10, "evento": "entrega", "produto": "notebook", "timestamp": "2026-09-07T16:31:35.728386"}
{"id_usuario": 26, "evento": "entrega", "produto": "celular", "timestamp": "2026-09-07T16:31:37.728708"}
{"id_usuario": 57, "evento": "clique", "produto": "teclado", "timestamp": "2026-09-07T16:31:39.729165"}
{"id_usuario": 8, "evento": "clique", "produto": "mouse", "timestamp": "2026-09-07T16:31:41.729455"}
{"id_usuario": 56, "evento": "clique", "produto": "teclado", "timestamp": "2026-09-07T16:31:43.729879"}
{"id_usuario": 84, "evento": "carrinho", "produto": "celular", "timestamp": "2026-09-07T16:31:45.730163"}
{"id_usuario": 31, "evento": "carrinho", "produto": "teclado", "timestamp": "2026-09-07T16:31:47.730455"}
{"id_usuario": 67, "evento": "entrega", "produto": "teclado", "timestamp": "2026-09-07T16:31:49.730774"}
{"id_usuario": 14, "evento": "carrinho", "produto": "celular", "timestamp": "2026-09-07T16:31:51.731128"}
{"id_usuario": 16, "evento": "entrega", "produto": "celular", "timestamp": "2026-09-07T16:31:53.733532"}
{"id_usuario": 60, "evento": "clique", "produto": "mouse", "timestamp": "2026-09-07T16:31:55.734278"}
{"id_usuario": 41, "evento": "entrega", "produto": "celular", "timestamp": "2026-09-07T16:31:57.735561"}
{"id_usuario": 56, "evento": "entrega", "produto": "notebook", "timestamp": "2026-09-07T16:31:59.736024"}
{"id_usuario": 75, "evento": "carrinho", "produto": "mouse", "timestamp": "2026-09-07T16:32:01.737602"}
{"id_usuario": 90, "evento": "entrega", "produto": "notebook", "timestamp": "2026-09-07T16:32:03.738063"}
{"id_usuario": 99, "evento": "carrinho", "produto": "notebook", "timestamp": "2026-09-07T16:32:05.738650"}
{"id_usuario": 91, "evento": "entrega", "produto": "mouse", "timestamp": "2026-09-07T16:32:07.739110"}
{"id_usuario": 76, "evento": "clique", "produto": "notebook", "timestamp": "2026-09-07T16:32:09.739564"}
{"id_usuario": 44, "evento": "clique", "produto": "mouse", "timestamp": "2026-09-07T16:32:11.739848"}
{"id_usuario": 90, "evento": "entrega", "produto": "notebook", "timestamp": "2026-09-07T16:32:13.740141"}
{"id_usuario": 76, "evento": "clique", "produto": "mouse", "timestamp": "2026-09-07T16:32:15.740432"}
{"id_usuario": 28, "evento": "entrega", "produto": "notebook", "timestamp": "2026-09-07T16:32:17.741544"}
{"id_usuario": 22, "evento": "carrinho", "produto": "celular", "timestamp": "2026-09-07T16:32:19.742301"}
{"id_usuario": 93, "evento": "carrinho", "produto": "mouse", "timestamp": "2026-09-07T16:32:21.743216"}
{"id_usuario": 24, "evento": "entrega", "produto": "celular", "timestamp": "2026-09-07T16:32:23.744584"}
{"id_usuario": 91, "evento": "clique", "produto": "celular", "timestamp": "2026-09-07T16:32:25.746115"}
{"id_usuario": 38, "evento": "carrinho", "produto": "notebook", "timestamp": "2026-09-07T16:32:27.746428"}
{"id_usuario": 81, "evento": "entrega", "produto": "notebook", "timestamp": "2026-09-07T16:32:29.746740"}
{"id_usuario": 7, "evento": "clique", "produto": "mouse", "timestamp": "2026-09-07T16:32:31.747048"}
{"id_usuario": 20, "evento": "clique", "produto": "notebook", "timestamp": "2026-09-07T16:32:33.747975"}
{"id_usuario": 71, "evento": "carrinho", "produto": "celular", "timestamp": "2026-09-07T16:32:35.748455"}
{"id_usuario": 7, "evento": "entrega", "produto": "notebook", "timestamp": "2026-09-07T16:32:37.749033"}
{"id_usuario": 23, "evento": "clique", "produto": "celular", "timestamp": "2026-09-07T16:32:39.749545"}
{"id_usuario": 87, "evento": "carrinho", "produto": "notebook", "timestamp": "2026-09-07T16:32:41.749828"}
{"id_usuario": 91, "evento": "carrinho", "produto": "teclado", "timestamp": "2026-09-07T16:32:43.750120"}
{"id_usuario": 67, "evento": "clique", "produto": "teclado", "timestamp": "2026-09-07T16:32:45.750410"}
{"id_usuario": 57, "evento": "carrinho", "produto": "celular", "timestamp": "2026-09-07T16:32:47.750730"}
{"id_usuario": 40, "evento": "clique", "produto": "celular", "timestamp": "2026-09-07T16:32:49.751018"}
{"id_usuario": 41, "evento": "carrinho", "produto": "teclado", "timestamp": "2026-09-07T16:32:51.751436"}
{"id_usuario": 95, "evento": "carrinho", "produto": "notebook", "timestamp": "2026-09-07T16:32:53.751750"}
{"id_usuario": 51, "evento": "carrinho", "produto": "teclado", "timestamp": "2026-09-07T16:32:55.752075"}
{"id_usuario": 32, "evento": "carrinho", "produto": "teclado", "timestamp": "2026-09-07T16:32:57.752361"}
{"id_usuario": 11, "evento": "entrega", "produto": "notebook", "timestamp": "2026-09-07T16:32:59.752690"}
{"id_usuario": 64, "evento": "entrega", "produto": "notebook", "timestamp": "2026-09-07T16:33:01.752987"}
{"id_usuario": 44, "evento": "clique", "produto": "teclado", "timestamp": "2026-09-07T16:33:03.753276"}
{"id_usuario": 55, "evento": "carrinho", "produto": "notebook", "timestamp": "2026-09-07T16:33:05.753856"}
{"id_usuario": 72, "evento": "carrinho", "produto": "teclado", "timestamp": "2026-09-07T16:33:07.754153"}
{"id_usuario": 58, "evento": "clique", "produto": "notebook", "timestamp": "2026-09-07T16:33:09.754757"}
{"id_usuario": 12, "evento": "entrega", "produto": "celular", "timestamp": "2026-09-07T16:33:11.755304"}
{"id_usuario": 76, "evento": "clique", "produto": "teclado", "timestamp": "2026-09-07T16:33:13.755619"}
{"id_usuario": 16, "evento": "clique", "produto": "celular", "timestamp": "2026-09-07T16:33:15.755936"}
{"id_usuario": 5, "evento": "clique", "produto": "teclado", "timestamp": "2026-09-07T16:33:17.756234"}
{"id_usuario": 20, "evento": "clique", "produto": "notebook", "timestamp": "2026-09-07T16:33:19.756543"}
{"id_usuario": 59, "evento": "carrinho", "produto": "celular", "timestamp": "2026-09-07T16:33:21.757370"}
{"id_usuario": 5, "evento": "entrega", "produto": "notebook", "timestamp": "2026-09-07T16:33:23.757904"}
{"id_usuario": 99, "evento": "carrinho", "produto": "celular", "timestamp": "2026-09-07T16:33:25.758196"}
{"id_usuario": 10, "evento": "carrinho", "produto": "teclado", "timestamp": "2026-09-07T16:33:27.758498"}
{"id_usuario": 26, "evento": "clique", "produto": "notebook", "timestamp": "2026-09-07T16:33:29.758777"}
{"id_usuario": 26, "evento": "clique", "produto": "notebook", "timestamp": "2026-09-07T16:33:31.759077"}
{"id_usuario": 54, "evento": "clique", "produto": "celular", "timestamp": "2026-09-07T16:33:33.759401"}
{"id_usuario": 84, "evento": "clique", "produto": "notebook", "timestamp": "2026-09-07T16:33:35.759720"}
{"id_usuario": 66, "evento": "entrega", "produto": "notebook", "timestamp": "2026-09-07T16:33:37.760000"}
{"id_usuario": 89, "evento": "carrinho", "produto": "teclado", "timestamp": "2026-09-07T16:33:39.760294"}
{"id_usuario": 19, "evento": "entrega", "produto": "teclado", "timestamp": "2026-09-07T16:33:41.760621"}
{"id_usuario": 85, "evento": "entrega", "produto": "mouse", "timestamp": "2026-09-07T16:33:43.760917"}
{"id_usuario": 4, "evento": "entrega", "produto": "mouse", "timestamp": "2026-09-07T16:33:45.761224"}
{"id_usuario": 17, "evento": "carrinho", "produto": "celular", "timestamp": "2026-09-07T16:33:47.761521"}
{"id_usuario": 11, "evento": "entrega", "produto": "mouse", "timestamp": "2026-09-07T16:33:49.761816"}
{"id_usuario": 29, "evento": "carrinho", "produto": "mouse", "timestamp": "2026-09-07T16:33:51.762108"}
{"id_usuario": 14, "evento": "entrega", "produto": "celular", "timestamp": "2026-09-07T16:33:53.762431"}
{"id_usuario": 58, "evento": "carrinho", "produto": "mouse", "timestamp": "2026-09-07T16:33:55.762766"}
{"id_usuario": 30, "evento": "clique", "produto": "teclado", "timestamp": "2026-09-07T16:33:57.763182"}
{"id_usuario": 96, "evento": "carrinho", "produto": "mouse", "timestamp": "2026-09-07T16:33:59.764988"}
{"id_usuario": 4, "evento": "clique", "produto": "celular", "timestamp": "2026-09-07T16:34:01.765265"}
{"id_usuario": 32, "evento": "entrega", "produto": "teclado", "timestamp": "2026-09-07T16:34:03.765538"}
{"id_usuario": 11, "evento": "carrinho", "produto": "teclado", "timestamp": "2026-09-07T16:34:05.765842"}
{"id_usuario": 24, "evento": "entrega", "produto": "notebook", "timestamp": "2026-09-07T16:34:07.766122"}
{"id_usuario": 79, "evento": "carrinho", "produto": "mouse", "timestamp": "2026-09-07T16:34:09.766405"}
{"id_usuario": 35, "evento": "entrega", "produto": "mouse", "timestamp": "2026-09-07T16:34:11.766883"}
{"id_usuario": 15, "evento": "clique", "produto": "mouse", "timestamp": "2026-09-07T16:34:13.767151"}
{"id_usuario": 42, "evento": "carrinho", "produto": "celular", "timestamp": "2026-09-07T16:34:15.767446"}
{"id_usuario": 81, "evento": "carrinho", "produto": "teclado", "timestamp": "2026-09-07T16:34:17.767801"}
{"id_usuario": 95, "evento": "carrinho", "produto": "celular", "timestamp": "2026-09-07T16:34:19.768091"}
{"id_usuario": 17, "evento": "carrinho", "produto": "teclado", "timestamp": "2026-09-07T16:34:21.768363"}
{"id_usuario": 27, "evento": "carrinho", "produto": "celular", "timestamp": "2026-09-07T16:34:23.768641"}
{"id_usuario": 37, "evento": "entrega", "produto": "notebook", "timestamp": "2026-09-07T16:34:25.768918"}
{"id_usuario": 28, "evento": "carrinho", "produto": "notebook", "timestamp": "2026-09-07T16:34:27.769221"}
{"id_usuario": 15, "evento": "carrinho", "produto": "celular", "timestamp": "2026-09-07T16:34:29.769521"}
{"id_usuario": 36, "evento": "carrinho", "produto": "mouse", "timestamp": "2026-09-07T16:34:31.769798"}
{"id_usuario": 23, "evento": "carrinho", "produto": "mouse", "timestamp": "2026-09-07T16:34:33.770087"}
{"id_usuario": 50, "evento": "carrinho", "produto": "notebook", "timestamp": "2026-09-07T16:34:35.770373"}
{"id_usuario": 60, "evento": "carrinho", "produto": "celular", "timestamp": "2026-09-07T16:34:37.770683"}
{"id_usuario": 25, "evento": "carrinho", "produto": "mouse", "timestamp": "2026-09-07T16:34:39.770973"}
{"id_usuario": 90, "evento": "clique", "produto": "mouse", "timestamp": "2026-09-07T16:34:41.771441"}
{"id_usuario": 74, "evento": "carrinho", "produto": "notebook", "timestamp": "2026-09-07T16:34:43.771894"}
{"id_usuario": 26, "evento": "clique", "produto": "notebook", "timestamp": "2026-09-07T16:34:45.772231"}
{"id_usuario": 60, "evento": "entrega", "produto": "celular", "timestamp": "2026-09-07T16:34:47.772536"}
{"id_usuario": 19, "evento": "carrinho", "produto": "notebook", "timestamp": "2026-09-07T16:34:49.772867"}
{"id_usuario": 4, "evento": "entrega", "produto": "teclado", "timestamp": "2026-09-07T16:34:51.773373"}
{"id_usuario": 80, "evento": "clique", "produto": "mouse", "timestamp": "2026-09-07T16:34:53.773675"}
{"id_usuario": 96, "evento": "clique", "produto": "teclado", "timestamp": "2026-09-07T16:34:55.774019"}
{"id_usuario": 12, "evento": "entrega", "produto": "celular", "timestamp": "2026-09-07T16:34:57.774455"}
{"id_usuario": 53, "evento": "entrega", "produto": "celular", "timestamp": "2026-09-07T16:34:59.774752"}
{"id_usuario": 66, "evento": "carrinho", "produto": "teclado", "timestamp": "2026-09-07T16:35:01.775047"}
{"id_usuario": 65, "evento": "clique", "produto": "celular", "timestamp": "2026-09-07T16:35:03.775381"}
{"id_usuario": 82, "evento": "entrega", "produto": "mouse", "timestamp": "2026-09-07T16:35:05.775780"}
{"id_usuario": 33, "evento": "clique", "produto": "teclado", "timestamp": "2026-09-07T16:35:07.776196"}
{"id_usuario": 25, "evento": "entrega", "produto": "celular", "timestamp": "2026-09-07T16:35:09.776536"}
{"id_usuario": 61, "evento": "clique", "produto": "teclado", "timestamp": "2026-09-07T16:35:11.776822"}
{"id_usuario": 17, "evento": "clique", "produto": "notebook", "timestamp": "2026-09-07T16:35:13.777102"}
{"id_usuario": 58, "evento": "carrinho", "produto": "teclado", "timestamp": "2026-09-07T16:35:15.777440"}
{"id_usuario": 99, "evento": "carrinho", "produto": "celular", "timestamp": "2026-09-07T16:35:17.777900"}
{"id_usuario": 77, "evento": "clique", "produto": "celular", "timestamp": "2026-09-07T16:35:19.778460"}
{"id_usuario": 18, "evento": "entrega", "produto": "teclado", "timestamp": "2026-09-07T16:35:21.779947"}
{"id_usuario": 66, "evento": "entrega", "produto": "teclado", "timestamp": "2026-09-07T16:35:23.780259"}
{"id_usuario": 71, "evento": "entrega", "produto": "teclado", "timestamp": "2026-09-07T16:35:25.780564"}
{"id_usuario": 96, "evento": "entrega", "produto": "celular", "timestamp": "2026-09-07T16:35:27.780846"}
{"id_usuario": 24, "evento": "carrinho", "produto": "celular", "timestamp": "2026-09-07T16:35:29.781144"}
{"id_usuario": 83, "evento": "entrega", "produto": "teclado", "timestamp": "2026-09-07T16:35:31.781729"}
{"id_usuario": 70, "evento": "clique", "produto": "celular", "timestamp": "2026-09-07T16:35:33.782720"}
{"id_usuario": 26, "evento": "carrinho", "produto": "celular", "timestamp": "2026-09-07T16:35:35.783028"}
{"id_usuario": 41, "evento": "carrinho", "produto": "teclado", "timestamp": "2026-09-07T16:35:37.783314"}
{"id_usuario": 29, "evento": "entrega", "produto": "teclado", "timestamp": "2026-09-07T16:35:39.783623"}
{"id_usuario": 83, "evento": "entrega", "produto": "notebook", "timestamp": "2026-09-07T16:35:41.783918"}
{"id_usuario": 62, "evento": "entrega", "produto": "mouse", "timestamp": "2026-09-07T16:35:43.784198"}
{"id_usuario": 73, "evento": "clique", "produto": "notebook", "timestamp": "2026-09-07T16:35:45.784525"}
{"id_usuario": 5, "evento": "clique", "produto": "mouse", "timestamp": "2026-09-07T16:35:47.785067"}
{"id_usuario": 17, "evento": "carrinho", "produto": "mouse", "timestamp": "2026-09-07T16:35:49.785344"}
{"id_usuario": 59, "evento": "clique", "produto": "notebook", "timestamp": "2026-09-07T16:35:51.785743"}
{"id_usuario": 72, "evento": "entrega", "produto": "teclado", "timestamp": "2026-09-07T16:35:53.786271"}
{"id_usuario": 88, "evento": "carrinho", "produto": "celular", "timestamp": "2026-09-07T16:35:55.786553"}
{"id_usuario": 51, "evento": "carrinho", "produto": "celular", "timestamp": "2026-09-07T16:35:57.786862"}
{"id_usuario": 4, "evento": "entrega", "produto": "celular", "timestamp": "2026-09-07T16:35:59.787174"}
{"id_usuario": 41, "evento": "carrinho", "produto": "teclado", "timestamp": "2026-09-07T16:36:01.787501"}
{"id_usuario": 93, "evento": "carrinho", "produto": "notebook", "timestamp": "2026-09-07T16:36:03.787797"}
{"id_usuario": 11, "evento": "entrega", "produto": "celular", "timestamp": "2026-09-07T16:36:05.788077"}
{"id_usuario": 18, "evento": "entrega", "produto": "mouse", "timestamp": "2026-09-07T16:36:07.788334"}
{"id_usuario": 19, "evento": "entrega", "produto": "notebook", "timestamp": "2026-09-07T16:36:09.788636"}
{"id_usuario": 48, "evento": "carrinho", "produto": "mouse", "timestamp": "2026-09-07T16:36:11.789167"}
{"id_usuario": 46, "evento": "clique", "produto": "celular", "timestamp": "2026-09-07T16:36:13.789824"}
{"id_usuario": 75, "evento": "entrega", "produto": "mouse", "timestamp": "2026-09-07T16:36:15.790152"}
{"id_usuario": 70, "evento": "clique", "produto": "notebook", "timestamp": "2026-09-07T16:36:17.790437"}
{"id_usuario": 49, "evento": "entrega", "produto": "mouse", "timestamp": "2026-09-07T16:36:19.790740"}
{"id_usuario": 75, "evento": "clique", "produto": "teclado", "timestamp": "2026-09-07T16:36:21.791024"}
{"id_usuario": 51, "evento": "carrinho", "produto": "mouse", "timestamp": "2026-09-07T16:36:23.791335"}
{"id_usuario": 83, "evento": "clique", "produto": "notebook", "timestamp": "2026-09-07T16:36:25.791667"}
{"id_usuario": 42, "evento": "carrinho", "produto": "celular", "timestamp": "2026-09-07T16:36:27.793281"}
{"id_usuario": 71, "evento": "clique", "produto": "celular", "timestamp": "2026-09-07T16:36:29.793569"}
{"id_usuario": 22, "evento": "carrinho", "produto": "teclado", "timestamp": "2026-09-07T16:36:31.793854"}
{"id_usuario": 70, "evento": "clique", "produto": "notebook", "timestamp": "2026-09-07T16:36:33.794150"}
{"id_usuario": 41, "evento": "entrega", "produto": "mouse", "timestamp": "2026-09-07T16:36:35.794439"}
{"id_usuario": 76, "evento": "clique", "produto": "mouse", "timestamp": "2026-09-07T16:36:37.794749"}
{"id_usuario": 35, "evento": "clique", "produto": "mouse", "timestamp": "2026-09-07T16:36:39.795027"}
{"id_usuario": 6, "evento": "clique", "produto": "celular", "timestamp": "2026-09-07T16:36:41.795393"}
{"id_usuario": 85, "evento": "carrinho", "produto": "teclado", "timestamp": "2026-09-07T16:36:43.795797"}
{"id_usuario": 90, "evento": "carrinho", "produto": "teclado", "timestamp": "2026-09-07T16:36:45.796396"}
{"id_usuario": 67, "evento": "carrinho", "produto": "mouse", "timestamp": "2026-09-07T16:36:47.796882"}
{"id_usuario": 19, "evento": "entrega", "produto": "celular", "timestamp": "2026-09-07T16:36:49.797169"}
{"id_usuario": 35, "evento": "clique", "produto": "teclado", "timestamp": "2026-09-07T16:36:51.797462"}
{"id_usuario": 62, "evento": "carrinho", "produto": "notebook", "timestamp": "2026-09-07T16:36:53.797811"}
{"id_usuario": 68, "evento": "clique", "produto": "mouse", "timestamp": "2026-09-07T16:36:55.798628"}
{"id_usuario": 34, "evento": "clique", "produto": "celular", "timestamp": "2026-09-07T16:36:57.799122"}
{"id_usuario": 65, "evento": "carrinho", "produto": "mouse", "timestamp": "2026-09-07T16:36:59.799400"}
{"id_usuario": 25, "evento": "clique", "produto": "teclado", "timestamp": "2026-09-07T16:37:01.799695"}
{"id_usuario": 67, "evento": "clique", "produto": "notebook", "timestamp": "2026-09-07T16:37:03.799991"}
{"id_usuario": 10, "evento": "clique", "produto": "teclado", "timestamp": "2026-09-07T16:37:05.800317"}
{"id_usuario": 62, "evento": "entrega", "produto": "mouse", "timestamp": "2026-09-07T16:37:07.800642"}
{"id_usuario": 18, "evento": "entrega", "produto": "teclado", "timestamp": "2026-09-07T16:37:09.800921"}
{"id_usuario": 2, "evento": "clique", "produto": "mouse", "timestamp": "2026-09-07T16:37:11.801219"}
{"id_usuario": 1, "evento": "carrinho", "produto": "teclado", "timestamp": "2026-09-07T16:37:13.801513"}
{"id_usuario": 12, "evento": "carrinho", "produto": "notebook", "timestamp": "2026-09-07T16:37:15.801788"}
{"id_usuario": 23, "evento": "carrinho", "produto": "mouse", "timestamp": "2026-09-07T16:37:17.802074"}
{"id_usuario": 98, "evento": "carrinho", "produto": "teclado", "timestamp": "2026-09-07T16:37:19.802346"}
{"id_usuario": 93, "evento": "entrega", "produto": "celular", "timestamp": "2026-09-07T16:37:21.802656"}
{"id_usuario": 1, "evento": "carrinho", "produto": "mouse", "timestamp": "2026-09-07T16:37:23.803116"}
{"id_usuario": 71, "evento": "entrega", "produto": "notebook", "timestamp": "2026-09-07T16:37:25.803412"}
{"id_usuario": 35, "evento": "carrinho", "produto": "notebook", "timestamp": "2026-09-07T16:37:27.803735"}
{"id_usuario": 77, "evento": "clique", "produto": "celular", "timestamp": "2026-09-07T16:37:29.804006"}
{"id_usuario": 54, "evento": "entrega", "produto": "celular", "timestamp": "2026-09-07T16:37:31.804317"}
{"id_usuario": 56, "evento": "carrinho", "produto": "notebook", "timestamp": "2026-09-07T16:37:33.804609"}
{"id_usuario": 67, "evento": "entrega", "produto": "teclado", "timestamp": "2026-09-07T16:37:35.805132"}
{"id_usuario": 21, "evento": "clique", "produto": "notebook", "timestamp": "2026-09-07T16:37:37.805615"}
{"id_usuario": 60, "evento": "carrinho", "produto": "celular", "timestamp": "2026-09-07T16:37:39.805913"}
{"id_usuario": 44, "evento": "clique", "produto": "mouse", "timestamp": "2026-09-07T16:37:41.806222"}
{"id_usuario": 53, "evento": "clique", "produto": "notebook", "timestamp": "2026-09-07T16:37:43.806518"}
{"id_usuario": 42, "evento": "carrinho", "produto": "notebook", "timestamp": "2026-09-07T16:37:45.806809"}
{"id_usuario": 49, "evento": "carrinho", "produto": "teclado", "timestamp": "2026-09-07T16:37:47.807107"}
{"id_usuario": 41, "evento": "entrega", "produto": "notebook", "timestamp": "2026-09-07T16:37:49.807397"}
{"id_usuario": 63, "evento": "carrinho", "produto": "mouse", "timestamp": "2026-09-07T16:37:51.807728"}
{"id_usuario": 73, "evento": "entrega", "produto": "teclado", "timestamp": "2026-09-07T16:37:53.808027"}
{"id_usuario": 77, "evento": "clique", "produto": "mouse", "timestamp": "2026-09-07T16:37:55.808346"}
{"id_usuario": 27, "evento": "carrinho", "produto": "mouse", "timestamp": "2026-09-07T16:37:57.808669"}
{"id_usuario": 4, "evento": "clique", "produto": "celular", "timestamp": "2026-09-07T16:37:59.809018"}
{"id_usuario": 62, "evento": "carrinho", "produto": "celular", "timestamp": "2026-09-07T16:38:01.809459"}
{"id_usuario": 94, "evento": "entrega", "produto": "mouse", "timestamp": "2026-09-07T16:38:03.811558"}
{"id_usuario": 88, "evento": "clique", "produto": "teclado", "timestamp": "2026-09-07T16:38:05.811958"}
{"id_usuario": 41, "evento": "carrinho", "produto": "teclado", "timestamp": "2026-09-07T16:38:07.812515"}
{"id_usuario": 21, "evento": "entrega", "produto": "mouse", "timestamp": "2026-09-07T16:38:09.812822"}
{"id_usuario": 45, "evento": "clique", "produto": "mouse", "timestamp": "2026-09-07T16:38:11.813824"}
{"id_usuario": 51, "evento": "entrega", "produto": "notebook", "timestamp": "2026-09-07T16:38:13.814100"}
{"id_usuario": 83, "evento": "carrinho", "produto": "teclado", "timestamp": "2026-09-07T16:38:15.814851"}
{"id_usuario": 52, "evento": "entrega", "produto": "celular", "timestamp": "2026-09-07T16:38:17.815174"}
{"id_usuario": 18, "evento": "clique", "produto": "teclado", "timestamp": "2026-09-07T16:38:19.815503"}
{"id_usuario": 7, "evento": "clique", "produto": "celular", "timestamp": "2026-09-07T16:38:21.815800"}
{"id_usuario": 19, "evento": "clique", "produto": "teclado", "timestamp": "2026-09-07T16:38:23.816097"}
{"id_usuario": 15, "evento": "carrinho", "produto": "mouse", "timestamp": "2026-09-07T16:38:25.816393"}
{"id_usuario": 93, "evento": "carrinho", "produto": "notebook", "timestamp": "2026-09-07T16:38:27.816707"}
{"id_usuario": 95, "evento": "entrega", "produto": "mouse", "timestamp": "2026-09-07T16:38:29.817031"}
{"id_usuario": 19, "evento": "carrinho", "produto": "celular", "timestamp": "2026-09-07T16:38:31.817352"}
{"id_usuario": 42, "evento": "entrega", "produto": "celular", "timestamp": "2026-09-07T16:38:33.818057"}
{"id_usuario": 25, "evento": "entrega", "produto": "mouse", "timestamp": "2026-09-07T16:38:35.818370"}
{"id_usuario": 35, "evento": "entrega", "produto": "teclado", "timestamp": "2026-09-07T16:38:37.818712"}
{"id_usuario": 28, "evento": "carrinho", "produto": "teclado", "timestamp": "2026-09-07T16:38:39.819005"}
{"id_usuario": 80, "evento": "carrinho", "produto": "notebook", "timestamp": "2026-09-07T16:38:41.819342"}
{"id_usuario": 75, "evento": "entrega", "produto": "celular", "timestamp": "2026-09-07T16:38:43.819683"}
{"id_usuario": 19, "evento": "clique", "produto": "celular", "timestamp": "2026-09-07T16:38:45.819995"}
{"id_usuario": 20, "evento": "clique", "produto": "notebook", "timestamp": "2026-09-07T16:38:47.820324"}
{"id_usuario": 61, "evento": "entrega", "produto": "celular", "timestamp": "2026-09-07T16:38:49.820686"}
{"id_usuario": 31, "evento": "clique", "produto": "celular", "timestamp": "2026-09-07T16:38:51.821394"}
{"id_usuario": 97, "evento": "entrega", "produto": "notebook", "timestamp": "2026-09-07T16:38:53.821861"}
{"id_usuario": 33, "evento": "carrinho", "produto": "teclado", "timestamp": "2026-09-07T16:38:55.822373"}
{"id_usuario": 57, "evento": "entrega", "produto": "mouse", "timestamp": "2026-09-07T16:38:57.823510"}
{"id_usuario": 83, "evento": "carrinho", "produto": "mouse", "timestamp": "2026-09-07T16:38:59.824049"}
{"id_usuario": 87, "evento": "entrega", "produto": "teclado", "timestamp": "2026-09-07T16:39:01.824593"}
{"id_usuario": 30, "evento": "clique", "produto": "teclado", "timestamp": "2026-09-07T16:39:03.824871"}
{"id_usuario": 74, "evento": "clique", "produto": "mouse", "timestamp": "2026-09-07T16:39:05.825262"}
{"id_usuario": 76, "evento": "entrega", "produto": "teclado", "timestamp": "2026-09-07T16:39:07.825548"}
{"id_usuario": 19, "evento": "carrinho", "produto": "notebook", "timestamp": "2026-09-07T16:39:09.825848"}
{"id_usuario": 9, "evento": "clique", "produto": "celular", "timestamp": "2026-09-07T16:39:11.826140"}
{"id_usuario": 28, "evento": "entrega", "produto": "teclado", "timestamp": "2026-09-07T16:39:13.826447"}
{"id_usuario": 48, "evento": "entrega", "produto": "mouse", "timestamp": "2026-09-07T16:39:15.826787"}
{"id_usuario": 57, "evento": "entrega", "produto": "celular", "timestamp": "2026-09-07T16:39:17.827121"}
{"id_usuario": 31, "evento": "clique", "produto": "mouse", "timestamp": "2026-09-07T16:39:19.827457"}
{"id_usuario": 86, "evento": "carrinho", "produto": "celular", "timestamp": "2026-09-07T16:39:21.827775"}
{"id_usuario": 83, "evento": "clique", "produto": "teclado", "timestamp": "2026-09-07T16:39:23.828251"}
{"id_usuario": 47, "evento": "clique", "produto": "teclado", "timestamp": "2026-09-07T16:39:25.828935"}
{"id_usuario": 94, "evento": "entrega", "produto": "celular", "timestamp": "2026-09-07T16:39:27.829317"}
{"id_usuario": 21, "evento": "carrinho", "produto": "mouse", "timestamp": "2026-09-07T16:39:29.829960"}
{"id_usuario": 44, "evento": "entrega", "produto": "notebook", "timestamp": "2026-09-07T16:39:31.830560"}
{"id_usuario": 75, "evento": "entrega", "produto": "teclado", "timestamp": "2026-09-07T16:39:33.831138"}
{"id_usuario": 14, "evento": "carrinho", "produto": "teclado", "timestamp": "2026-09-07T16:39:35.831861"}
{"id_usuario": 72, "evento": "carrinho", "produto": "mouse", "timestamp": "2026-09-07T16:39:37.832434"}
{"id_usuario": 15, "evento": "clique", "produto": "mouse", "timestamp": "2026-09-07T16:39:39.833032"}
{"id_usuario": 39, "evento": "clique", "produto": "teclado", "timestamp": "2026-09-07T16:39:41.833737"}
{"id_usuario": 95, "evento": "clique", "produto": "teclado", "timestamp": "2026-09-07T16:39:43.834367"}
{"id_usuario": 5, "evento": "carrinho", "produto": "teclado", "timestamp": "2026-09-07T16:39:45.834926"}
{"id_usuario": 63, "evento": "entrega", "produto": "teclado", "timestamp": "2026-09-07T16:39:47.835233"}
{"id_usuario": 35, "evento": "entrega", "produto": "mouse", "timestamp": "2026-09-07T16:39:49.835569"}
{"id_usuario": 44, "evento": "carrinho", "produto": "teclado", "timestamp": "2026-09-07T16:39:51.836290"}
{"id_usuario": 17, "evento": "clique", "produto": "teclado", "timestamp": "2026-09-07T16:39:53.836652"}
{"id_usuario": 87, "evento": "entrega", "produto": "notebook", "timestamp": "2026-09-07T16:39:55.836974"}
{"id_usuario": 90, "evento": "entrega", "produto": "celular", "timestamp": "2026-09-07T16:39:57.837295"}
{"id_usuario": 21, "evento": "clique", "produto": "teclado", "timestamp": "2026-09-07T16:39:59.837640"}
{"id_usuario": 99, "evento": "entrega", "produto": "mouse", "timestamp": "2026-09-07T16:40:01.837942"}
{"id_usuario": 100, "evento": "entrega", "produto": "teclado", "timestamp": "2026-09-07T16:40:03.838264"}
{"id_usuario": 35, "evento": "entrega", "produto": "celular", "timestamp": "2026-09-07T16:40:05.838587"}
{"id_usuario": 51, "evento": "clique", "produto": "teclado", "timestamp": "2026-09-07T16:40:07.838880"}
{"id_usuario": 41, "evento": "entrega", "produto": "notebook", "timestamp": "2026-09-07T16:40:09.839666"}
{"id_usuario": 5, "evento": "clique", "produto": "teclado", "timestamp": "2026-09-07T16:40:11.840256"}
{"id_usuario": 34, "evento": "clique", "produto": "notebook", "timestamp": "2026-09-07T16:40:13.840730"}
{"id_usuario": 91, "evento": "entrega", "produto": "teclado", "timestamp": "2026-09-07T16:40:15.841315"}
{"id_usuario": 52, "evento": "clique", "produto": "teclado", "timestamp": "2026-09-07T16:40:17.841819"}
{"id_usuario": 18, "evento": "clique", "produto": "celular", "timestamp": "2026-09-07T16:40:19.842177"}
{"id_usuario": 80, "evento": "entrega", "produto": "notebook", "timestamp": "2026-09-07T16:40:21.842871"}
{"id_usuario": 56, "evento": "entrega", "produto": "celular", "timestamp": "2026-09-07T16:40:23.844542"}
{"id_usuario": 41, "evento": "entrega", "produto": "mouse", "timestamp": "2026-09-07T16:40:25.844986"}
{"id_usuario": 35, "evento": "carrinho", "produto": "teclado", "timestamp": "2026-09-07T16:40:27.845295"}
{"id_usuario": 46, "evento": "entrega", "produto": "teclado", "timestamp": "2026-09-07T16:40:29.846679"}
{"id_usuario": 51, "evento": "entrega", "produto": "mouse", "timestamp": "2026-09-07T16:40:31.847395"}
{"id_usuario": 82, "evento": "carrinho", "produto": "notebook", "timestamp": "2026-09-07T16:40:33.847880"}
{"id_usuario": 3, "evento": "clique", "produto": "notebook", "timestamp": "2026-09-07T16:40:35.848205"}
{"id_usuario": 49, "evento": "carrinho", "produto": "mouse", "timestamp": "2026-09-07T16:40:37.848524"}
{"id_usuario": 73, "evento": "entrega", "produto": "teclado", "timestamp": "2026-09-07T16:40:39.848851"}
{"id_usuario": 76, "evento": "clique", "produto": "notebook", "timestamp": "2026-09-07T16:40:41.849186"}
{"id_usuario": 16, "evento": "entrega", "produto": "mouse", "timestamp": "2026-09-07T16:40:43.849532"}
{"id_usuario": 88, "evento": "clique", "produto": "mouse", "timestamp": "2026-09-07T16:40:45.849853"}
{"id_usuario": 2, "evento": "carrinho", "produto": "notebook", "timestamp": "2026-09-07T16:40:47.850176"}
{"id_usuario": 99, "evento": "clique", "produto": "teclado", "timestamp": "2026-09-07T16:40:49.850539"}
{"id_usuario": 73, "evento": "carrinho", "produto": "celular", "timestamp": "2026-09-07T16:40:51.850858"}
{"id_usuario": 5, "evento": "clique", "produto": "mouse", "timestamp": "2026-09-07T16:40:53.851154"}
{"id_usuario": 76, "evento": "carrinho", "produto": "teclado", "timestamp": "2026-09-07T16:40:55.851681"}
{"id_usuario": 78, "evento": "entrega", "produto": "mouse", "timestamp": "2026-09-07T16:40:57.852125"}
{"id_usuario": 82, "evento": "entrega", "produto": "mouse", "timestamp": "2026-09-07T16:40:59.852625"}
{"id_usuario": 1, "evento": "entrega", "produto": "mouse", "timestamp": "2026-09-07T16:41:01.852964"}
{"id_usuario": 15, "evento": "clique", "produto": "teclado", "timestamp": "2026-09-07T16:41:03.853350"}
{"id_usuario": 45, "evento": "clique", "produto": "teclado", "timestamp": "2026-09-07T16:41:05.853709"}
{"id_usuario": 63, "evento": "carrinho", "produto": "notebook", "timestamp": "2026-09-07T16:41:07.854279"}
{"id_usuario": 95, "evento": "carrinho", "produto": "mouse", "timestamp": "2026-09-07T16:41:09.854745"}
{"id_usuario": 11, "evento": "clique", "produto": "celular", "timestamp": "2026-09-07T16:41:11.855052"}
{"id_usuario": 97, "evento": "clique", "produto": "teclado", "timestamp": "2026-09-07T16:41:13.855722"}
{"id_usuario": 65, "evento": "clique", "produto": "notebook", "timestamp": "2026-09-07T16:41:15.856012"}
{"id_usuario": 59, "evento": "entrega", "produto": "mouse", "timestamp": "2026-09-07T16:41:17.856293"}
{"id_usuario": 63, "evento": "carrinho", "produto": "notebook", "timestamp": "2026-09-07T16:41:19.856590"}
{"id_usuario": 38, "evento": "carrinho", "produto": "teclado", "timestamp": "2026-09-07T16:41:21.856885"}
{"id_usuario": 61, "evento": "clique", "produto": "mouse", "timestamp": "2026-09-07T16:41:23.857204"}
{"id_usuario": 81, "evento": "carrinho", "produto": "mouse", "timestamp": "2026-09-07T16:41:25.857522"}
{"id_usuario": 32, "evento": "carrinho", "produto": "notebook", "timestamp": "2026-09-07T16:41:27.857820"}
{"id_usuario": 21, "evento": "entrega", "produto": "celular", "timestamp": "2026-09-07T16:41:29.858108"}
{"id_usuario": 58, "evento": "carrinho", "produto": "teclado", "timestamp": "2026-09-07T16:41:31.858402"}
{"id_usuario": 29, "evento": "entrega", "produto": "teclado", "timestamp": "2026-09-07T16:41:33.858712"}
{"id_usuario": 20, "evento": "carrinho", "produto": "teclado", "timestamp": "2026-09-07T16:41:35.859025"}
{"id_usuario": 61, "evento": "entrega", "produto": "mouse", "timestamp": "2026-09-07T16:41:37.859343"}
{"id_usuario": 34, "evento": "carrinho", "produto": "teclado", "timestamp": "2026-09-07T16:41:39.859665"}
{"id_usuario": 9, "evento": "carrinho", "produto": "celular", "timestamp": "2026-09-07T16:41:41.860524"}
{"id_usuario": 30, "evento": "clique", "produto": "mouse", "timestamp": "2026-09-07T16:41:43.861118"}
{"id_usuario": 72, "evento": "carrinho", "produto": "teclado", "timestamp": "2026-09-07T16:41:45.861447"}
{"id_usuario": 67, "evento": "carrinho", "produto": "mouse", "timestamp": "2026-09-07T16:41:47.861791"}
{"id_usuario": 11, "evento": "carrinho", "produto": "notebook", "timestamp": "2026-09-07T16:41:49.862105"}
{"id_usuario": 33, "evento": "entrega", "produto": "mouse", "timestamp": "2026-09-07T16:41:51.862400"}
{"id_usuario": 41, "evento": "clique", "produto": "celular", "timestamp": "2026-09-07T16:41:53.862757"}
{"id_usuario": 49, "evento": "carrinho", "produto": "mouse", "timestamp": "2026-09-07T16:41:55.863082"}
{"id_usuario": 68, "evento": "clique", "produto": "celular", "timestamp": "2026-09-07T16:41:57.863636"}
{"id_usuario": 10, "evento": "clique", "produto": "mouse", "timestamp": "2026-09-07T16:41:59.863958"}
{"id_usuario": 9, "evento": "clique", "produto": "teclado", "timestamp": "2026-09-07T16:42:01.864330"}
{"id_usuario": 21, "evento": "entrega", "produto": "teclado", "timestamp": "2026-09-07T16:42:03.865053"}
{"id_usuario": 18, "evento": "clique", "produto": "notebook", "timestamp": "2026-09-07T16:42:05.865380"}
{"id_usuario": 91, "evento": "entrega", "produto": "notebook", "timestamp": "2026-09-07T16:42:07.865734"}
{"id_usuario": 46, "evento": "carrinho", "produto": "mouse", "timestamp": "2026-09-07T16:42:09.866037"}
{"id_usuario": 4, "evento": "carrinho", "produto": "teclado", "timestamp": "2026-09-07T16:42:11.866320"}
{"id_usuario": 17, "evento": "clique", "produto": "celular", "timestamp": "2026-09-07T16:42:13.866805"}
{"id_usuario": 90, "evento": "clique", "produto": "celular", "timestamp": "2026-09-07T16:42:15.867272"}
{"id_usuario": 19, "evento": "carrinho", "produto": "celular", "timestamp": "2026-09-07T16:42:17.867753"}
{"id_usuario": 99, "evento": "carrinho", "produto": "notebook", "timestamp": "2026-09-07T16:42:19.868348"}
{"id_usuario": 48, "evento": "clique", "produto": "teclado", "timestamp": "2026-09-07T16:42:21.868981"}
{"id_usuario": 85, "evento": "carrinho", "produto": "mouse", "timestamp": "2026-09-07T16:42:23.869277"}
{"id_usuario": 64, "evento": "carrinho", "produto": "notebook", "timestamp": "2026-09-07T16:42:25.869624"}
{"id_usuario": 80, "evento": "carrinho", "produto": "notebook", "timestamp": "2026-09-07T16:42:27.869918"}
{"id_usuario": 8, "evento": "entrega", "produto": "mouse", "timestamp": "2026-09-07T16:42:29.870214"}
{"id_usuario": 4, "evento": "entrega", "produto": "celular", "timestamp": "2026-09-07T16:42:31.870528"}
{"id_usuario": 41, "evento": "entrega", "produto": "notebook", "timestamp": "2026-09-07T16:42:33.870817"}
{"id_usuario": 23, "evento": "clique", "produto": "teclado", "timestamp": "2026-09-07T16:42:35.871155"}
{"id_usuario": 42, "evento": "carrinho", "produto": "notebook", "timestamp": "2026-09-07T16:42:37.871523"}
{"id_usuario": 63, "evento": "clique", "produto": "notebook", "timestamp": "2026-09-07T16:42:39.872162"}
{"id_usuario": 47, "evento": "entrega", "produto": "teclado", "timestamp": "2026-09-07T16:42:41.872569"}
{"id_usuario": 82, "evento": "carrinho", "produto": "mouse", "timestamp": "2026-09-07T16:42:43.873177"}
{"id_usuario": 17, "evento": "clique", "produto": "celular", "timestamp": "2026-09-07T16:42:45.873784"}
{"id_usuario": 26, "evento": "clique", "produto": "teclado", "timestamp": "2026-09-07T16:42:47.874302"}
{"id_usuario": 31, "evento": "entrega", "produto": "mouse", "timestamp": "2026-09-07T16:42:49.874927"}
{"id_usuario": 73, "evento": "carrinho", "produto": "teclado", "timestamp": "2026-09-07T16:42:51.875381"}
{"id_usuario": 78, "evento": "clique", "produto": "mouse", "timestamp": "2026-09-07T16:42:53.875850"}
{"id_usuario": 25, "evento": "carrinho", "produto": "notebook", "timestamp": "2026-09-07T16:42:55.876381"}
{"id_usuario": 16, "evento": "entrega", "produto": "celular", "timestamp": "2026-09-07T16:42:57.876987"}
{"id_usuario": 93, "evento": "entrega", "produto": "teclado", "timestamp": "2026-09-07T16:42:59.877275"}
{"id_usuario": 22, "evento": "entrega", "produto": "mouse", "timestamp": "2026-09-07T16:43:01.877590"}
{"id_usuario": 67, "evento": "clique", "produto": "notebook", "timestamp": "2026-09-07T16:43:03.877905"}
{"id_usuario": 12, "evento": "entrega", "produto": "mouse", "timestamp": "2026-09-07T16:43:05.878225"}
{"id_usuario": 38, "evento": "entrega", "produto": "mouse", "timestamp": "2026-09-07T16:43:07.878553"}
{"id_usuario": 8, "evento": "entrega", "produto": "teclado", "timestamp": "2026-09-07T16:43:09.879102"}
{"id_usuario": 62, "evento": "carrinho", "produto": "teclado", "timestamp": "2026-09-07T16:43:11.880679"}
{"id_usuario": 6, "evento": "carrinho", "produto": "notebook", "timestamp": "2026-09-07T16:43:13.880993"}
{"id_usuario": 93, "evento": "carrinho", "produto": "teclado", "timestamp": "2026-09-07T16:43:15.881318"}
{"id_usuario": 11, "evento": "carrinho", "produto": "teclado", "timestamp": "2026-09-07T16:43:17.881655"}
{"id_usuario": 53, "evento": "entrega", "produto": "mouse", "timestamp": "2026-09-07T16:43:19.882268"}
{"id_usuario": 44, "evento": "entrega", "produto": "teclado", "timestamp": "2026-09-07T16:43:21.882845"}
{"id_usuario": 81, "evento": "carrinho", "produto": "mouse", "timestamp": "2026-09-07T16:43:23.883136"}
{"id_usuario": 30, "evento": "entrega", "produto": "celular", "timestamp": "2026-09-07T16:43:25.883436"}
{"id_usuario": 8, "evento": "entrega", "produto": "celular", "timestamp": "2026-09-07T16:43:27.884003"}
{"id_usuario": 29, "evento": "carrinho", "produto": "notebook", "timestamp": "2026-09-07T16:43:29.884318"}
{"id_usuario": 68, "evento": "clique", "produto": "notebook", "timestamp": "2026-09-07T16:43:31.884624"}
{"id_usuario": 93, "evento": "clique", "produto": "mouse", "timestamp": "2026-09-07T16:43:33.885152"}
{"id_usuario": 10, "evento": "entrega", "produto": "notebook", "timestamp": "2026-09-07T16:43:35.885764"}
{"id_usuario": 51, "evento": "carrinho", "produto": "teclado", "timestamp": "2026-09-07T16:43:37.886386"}
{"id_usuario": 99, "evento": "entrega", "produto": "notebook", "timestamp": "2026-09-07T16:43:39.887151"}
{"id_usuario": 15, "evento": "clique", "produto": "mouse", "timestamp": "2026-09-07T16:43:41.887674"}
{"id_usuario": 90, "evento": "carrinho", "produto": "teclado", "timestamp": "2026-09-07T16:43:43.888039"}
{"id_usuario": 40, "evento": "clique", "produto": "mouse", "timestamp": "2026-09-07T16:43:45.888338"}
{"id_usuario": 84, "evento": "carrinho", "produto": "celular", "timestamp": "2026-09-07T16:43:47.888698"}
{"id_usuario": 35, "evento": "carrinho", "produto": "mouse", "timestamp": "2026-09-07T16:43:49.889319"}
{"id_usuario": 94, "evento": "entrega", "produto": "celular", "timestamp": "2026-09-07T16:43:51.889642"}
{"id_usuario": 12, "evento": "entrega", "produto": "celular", "timestamp": "2026-09-07T16:43:53.889976"}
{"id_usuario": 80, "evento": "carrinho", "produto": "celular", "timestamp": "2026-09-07T16:43:55.890687"}
{"id_usuario": 24, "evento": "carrinho", "produto": "teclado", "timestamp": "2026-09-07T16:43:57.890984"}
{"id_usuario": 53, "evento": "clique", "produto": "notebook", "timestamp": "2026-09-07T16:43:59.891539"}
{"id_usuario": 77, "evento": "entrega", "produto": "notebook", "timestamp": "2026-09-07T16:44:01.894194"}
{"id_usuario": 93, "evento": "entrega", "produto": "mouse", "timestamp": "2026-09-07T16:44:03.895193"}
{"id_usuario": 30, "evento": "clique", "produto": "mouse", "timestamp": "2026-09-07T16:44:05.896194"}
{"id_usuario": 40, "evento": "carrinho", "produto": "celular", "timestamp": "2026-09-07T16:44:07.896840"}
{"id_usuario": 38, "evento": "clique", "produto": "celular", "timestamp": "2026-09-07T16:44:09.900676"}
{"id_usuario": 35, "evento": "clique", "produto": "notebook", "timestamp": "2026-09-07T16:44:11.901282"}
{"id_usuario": 37, "evento": "entrega", "produto": "notebook", "timestamp": "2026-09-07T16:44:13.901553"}
{"id_usuario": 61, "evento": "entrega", "produto": "notebook", "timestamp": "2026-09-07T16:44:15.902253"}
{"id_usuario": 100, "evento": "entrega", "produto": "teclado", "timestamp": "2026-09-07T16:44:17.903396"}
{"id_usuario": 68, "evento": "entrega", "produto": "mouse", "timestamp": "2026-09-07T16:44:19.904447"}
{"id_usuario": 2, "evento": "carrinho", "produto": "mouse", "timestamp": "2026-09-07T16:44:21.904767"}
{"id_usuario": 1, "evento": "entrega", "produto": "notebook", "timestamp": "2026-09-07T16:44:23.905071"}
{"id_usuario": 72, "evento": "clique", "produto": "celular", "timestamp": "2026-09-07T16:44:25.905376"}
{"id_usuario": 98, "evento": "carrinho", "produto": "notebook", "timestamp": "2026-09-07T16:44:27.905677"}
{"id_usuario": 34, "evento": "carrinho", "produto": "celular", "timestamp": "2026-09-07T16:44:29.906020"}
{"id_usuario": 28, "evento": "clique", "produto": "celular", "timestamp": "2026-09-07T16:44:31.906317"}
{"id_usuario": 21, "evento": "entrega", "produto": "notebook", "timestamp": "2026-09-07T16:44:33.907535"}
{"id_usuario": 20, "evento": "carrinho", "produto": "mouse", "timestamp": "2026-09-07T16:44:35.908773"}
{"id_usuario": 40, "evento": "carrinho", "produto": "celular", "timestamp": "2026-09-07T16:44:37.909065"}
{"id_usuario": 5, "evento": "clique", "produto": "notebook", "timestamp": "2026-09-07T16:44:39.909905"}
{"id_usuario": 47, "evento": "carrinho", "produto": "mouse", "timestamp": "2026-09-07T16:44:41.910202"}
{"id_usuario": 37, "evento": "carrinho", "produto": "notebook", "timestamp": "2026-09-07T16:44:43.910521"}
{"id_usuario": 36, "evento": "entrega", "produto": "notebook", "timestamp": "2026-09-07T16:44:45.910822"}
{"id_usuario": 28, "evento": "entrega", "produto": "notebook", "timestamp": "2026-09-07T16:44:47.911105"}
{"id_usuario": 55, "evento": "carrinho", "produto": "celular", "timestamp": "2026-09-07T16:44:49.911458"}
{"id_usuario": 22, "evento": "clique", "produto": "teclado", "timestamp": "2026-09-07T16:44:51.911777"}
{"id_usuario": 18, "evento": "clique", "produto": "celular", "timestamp": "2026-09-07T16:44:53.912060"}
{"id_usuario": 89, "evento": "entrega", "produto": "teclado", "timestamp": "2026-09-07T16:44:55.912370"}
{"id_usuario": 63, "evento": "entrega", "produto": "celular", "timestamp": "2026-09-07T16:44:57.912958"}
{"id_usuario": 99, "evento": "clique", "produto": "teclado", "timestamp": "2026-09-07T16:44:59.913457"}
{"id_usuario": 13, "evento": "carrinho", "produto": "celular", "timestamp": "2026-09-07T16:45:01.913781"}
{"id_usuario": 98, "evento": "clique", "produto": "celular", "timestamp": "2026-09-07T16:45:03.914044"}
{"id_usuario": 22, "evento": "clique", "produto": "mouse", "timestamp": "2026-09-07T16:45:05.914317"}
{"id_usuario": 1, "evento": "carrinho", "produto": "celular", "timestamp": "2026-09-07T16:45:07.914618"}
{"id_usuario": 76, "evento": "clique", "produto": "mouse", "timestamp": "2026-09-07T16:45:09.914970"}
{"id_usuario": 91, "evento": "entrega", "produto": "mouse", "timestamp": "2026-09-07T16:45:11.915253"}
{"id_usuario": 91, "evento": "clique", "produto": "notebook", "timestamp": "2026-09-07T16:45:13.915529"}
{"id_usuario": 62, "evento": "carrinho", "produto": "celular", "timestamp": "2026-09-07T16:45:15.915802"}
{"id_usuario": 70, "evento": "entrega", "produto": "celular", "timestamp": "2026-09-07T16:45:17.916085"}
{"id_usuario": 1, "evento": "entrega", "produto": "mouse", "timestamp": "2026-09-07T16:45:19.916410"}
{"id_usuario": 27, "evento": "entrega", "produto": "mouse", "timestamp": "2026-09-07T16:45:21.916756"}
{"id_usuario": 11, "evento": "carrinho", "produto": "mouse", "timestamp": "2026-09-07T16:45:23.917654"}
{"id_usuario": 42, "evento": "clique", "produto": "teclado", "timestamp": "2026-09-07T16:45:25.917921"}
{"id_usuario": 16, "evento": "carrinho", "produto": "mouse", "timestamp": "2026-09-07T16:45:27.918199"}
{"id_usuario": 6, "evento": "entrega", "produto": "notebook", "timestamp": "2026-09-07T16:45:29.918486"}
{"id_usuario": 66, "evento": "clique", "produto": "teclado", "timestamp": "2026-09-07T16:45:31.918775"}
{"id_usuario": 10, "evento": "carrinho", "produto": "mouse", "timestamp": "2026-09-07T16:45:33.919056"}
{"id_usuario": 81, "evento": "entrega", "produto": "celular", "timestamp": "2026-09-07T16:45:35.919349"}
{"id_usuario": 23, "evento": "entrega", "produto": "teclado", "timestamp": "2026-09-07T16:45:37.919659"}
{"id_usuario": 91, "evento": "entrega", "produto": "teclado", "timestamp": "2026-09-07T16:45:39.919948"}
{"id_usuario": 46, "evento": "clique", "produto": "celular", "timestamp": "2026-09-07T16:45:41.920230"}
{"id_usuario": 8, "evento": "carrinho", "produto": "mouse", "timestamp": "2026-09-07T16:45:43.921216"}
{"id_usuario": 35, "evento": "carrinho", "produto": "celular", "timestamp": "2026-09-07T16:45:45.921503"}
{"id_usuario": 4, "evento": "entrega", "produto": "notebook", "timestamp": "2026-09-07T16:45:47.921779"}
{"id_usuario": 22, "evento": "entrega", "produto": "mouse", "timestamp": "2026-09-07T16:45:49.922063"}
{"id_usuario": 49, "evento": "entrega", "produto": "mouse", "timestamp": "2026-09-07T16:45:51.922469"}
{"id_usuario": 49, "evento": "carrinho", "produto": "notebook", "timestamp": "2026-09-07T16:45:53.922787"}
{"id_usuario": 67, "evento": "clique", "produto": "teclado", "timestamp": "2026-09-07T16:45:55.923070"}
{"id_usuario": 53, "evento": "clique", "produto": "celular", "timestamp": "2026-09-07T16:45:57.923593"}
{"id_usuario": 85, "evento": "carrinho", "produto": "teclado", "timestamp": "2026-09-07T16:45:59.927268"}
{"id_usuario": 98, "evento": "carrinho", "produto": "mouse", "timestamp": "2026-09-07T16:46:01.927724"}
{"id_usuario": 70, "evento": "entrega", "produto": "celular", "timestamp": "2026-09-07T16:46:03.928303"}
{"id_usuario": 61, "evento": "clique", "produto": "celular", "timestamp": "2026-09-07T16:46:05.928568"}
{"id_usuario": 72, "evento": "clique", "produto": "notebook", "timestamp": "2026-09-07T16:46:07.928854"}
{"id_usuario": 74, "evento": "entrega", "produto": "notebook", "timestamp": "2026-09-07T16:46:09.929300"}
{"id_usuario": 54, "evento": "entrega", "produto": "celular", "timestamp": "2026-09-07T16:46:11.929646"}
{"id_usuario": 64, "evento": "carrinho", "produto": "notebook", "timestamp": "2026-09-07T16:46:13.930044"}
{"id_usuario": 11, "evento": "entrega", "produto": "mouse", "timestamp": "2026-09-07T16:46:15.930463"}
{"id_usuario": 6, "evento": "entrega", "produto": "celular", "timestamp": "2026-09-07T16:46:17.930759"}
{"id_usuario": 18, "evento": "clique", "produto": "teclado", "timestamp": "2026-09-07T16:46:19.931070"}
{"id_usuario": 57, "evento": "clique", "produto": "teclado", "timestamp": "2026-09-07T16:46:21.931395"}
{"id_usuario": 94, "evento": "carrinho", "produto": "notebook", "timestamp": "2026-09-07T16:46:23.931833"}
{"id_usuario": 63, "evento": "entrega", "produto": "mouse", "timestamp": "2026-09-07T16:46:25.932107"}
{"id_usuario": 86, "evento": "clique", "produto": "mouse", "timestamp": "2026-09-07T16:46:27.932426"}
{"id_usuario": 38, "evento": "carrinho", "produto": "notebook", "timestamp": "2026-09-07T16:46:29.935757"}
{"id_usuario": 96, "evento": "entrega", "produto": "teclado", "timestamp": "2026-09-07T16:46:31.936052"}
{"id_usuario": 14, "evento": "carrinho", "produto": "notebook", "timestamp": "2026-09-07T16:46:33.936333"}
{"id_usuario": 20, "evento": "entrega", "produto": "teclado", "timestamp": "2026-09-07T16:46:35.936855"}
{"id_usuario": 55, "evento": "carrinho", "produto": "notebook", "timestamp": "2026-09-07T16:46:37.937150"}
{"id_usuario": 62, "evento": "clique", "produto": "notebook", "timestamp": "2026-09-07T16:46:39.937877"}
{"id_usuario": 53, "evento": "carrinho", "produto": "celular", "timestamp": "2026-09-07T16:46:41.938202"}
{"id_usuario": 4, "evento": "clique", "produto": "celular", "timestamp": "2026-09-07T16:46:43.938536"}
{"id_usuario": 68, "evento": "carrinho", "produto": "teclado", "timestamp": "2026-09-07T16:46:45.938810"}
{"id_usuario": 65, "evento": "carrinho", "produto": "celular", "timestamp": "2026-09-07T16:46:47.939094"}
{"id_usuario": 57, "evento": "clique", "produto": "celular", "timestamp": "2026-09-07T16:46:49.939643"}
{"id_usuario": 11, "evento": "clique", "produto": "teclado", "timestamp": "2026-09-07T16:46:51.939925"}
{"id_usuario": 7, "evento": "clique", "produto": "celular", "timestamp": "2026-09-07T16:46:53.940212"}
{"id_usuario": 89, "evento": "carrinho", "produto": "notebook", "timestamp": "2026-09-07T16:46:55.940510"}
{"id_usuario": 80, "evento": "clique", "produto": "teclado", "timestamp": "2026-09-07T16:46:57.940793"}
{"id_usuario": 69, "evento": "entrega", "produto": "celular", "timestamp": "2026-09-07T16:46:59.941245"}
{"id_usuario": 45, "evento": "entrega", "produto": "mouse", "timestamp": "2026-09-07T16:47:01.942285"}
{"id_usuario": 94, "evento": "entrega", "produto": "celular", "timestamp": "2026-09-07T16:47:03.942760"}
{"id_usuario": 79, "evento": "entrega", "produto": "notebook", "timestamp": "2026-09-07T16:47:05.943284"}
{"id_usuario": 26, "evento": "carrinho", "produto": "celular", "timestamp": "2026-09-07T16:47:07.943903"}
{"id_usuario": 24, "evento": "entrega", "produto": "celular", "timestamp": "2026-09-07T16:47:09.944399"}
{"id_usuario": 40, "evento": "carrinho", "produto": "notebook", "timestamp": "2026-09-07T16:47:11.944699"}
{"id_usuario": 6, "evento": "clique", "produto": "teclado", "timestamp": "2026-09-07T16:47:13.944977"}
{"id_usuario": 36, "evento": "clique", "produto": "teclado", "timestamp": "2026-09-07T16:47:15.945282"}
{"id_usuario": 31, "evento": "carrinho", "produto": "notebook", "timestamp": "2026-09-07T16:47:17.947005"}
{"id_usuario": 70, "evento": "entrega", "produto": "mouse", "timestamp": "2026-09-07T16:47:19.947583"}
{"id_usuario": 24, "evento": "clique", "produto": "celular", "timestamp": "2026-09-07T16:47:21.947873"}
{"id_usuario": 59, "evento": "clique", "produto": "notebook", "timestamp": "2026-09-07T16:47:23.948154"}
{"id_usuario": 96, "evento": "clique", "produto": "celular", "timestamp": "2026-09-07T16:47:25.948430"}
{"id_usuario": 91, "evento": "entrega", "produto": "teclado", "timestamp": "2026-09-07T16:47:27.948955"}
{"id_usuario": 75, "evento": "entrega", "produto": "celular", "timestamp": "2026-09-07T16:47:29.949464"}
{"id_usuario": 90, "evento": "carrinho", "produto": "celular", "timestamp": "2026-09-07T16:47:31.949772"}
{"id_usuario": 15, "evento": "clique", "produto": "notebook", "timestamp": "2026-09-07T16:47:33.950057"}
{"id_usuario": 94, "evento": "clique", "produto": "celular", "timestamp": "2026-09-07T16:47:35.950331"}
{"id_usuario": 84, "evento": "carrinho", "produto": "celular", "timestamp": "2026-09-07T16:47:37.950697"}
{"id_usuario": 42, "evento": "clique", "produto": "teclado", "timestamp": "2026-09-07T16:47:39.951501"}
{"id_usuario": 99, "evento": "carrinho", "produto": "celular", "timestamp": "2026-09-07T16:47:41.951770"}
{"id_usuario": 20, "evento": "carrinho", "produto": "mouse", "timestamp": "2026-09-07T16:47:43.952054"}
{"id_usuario": 27, "evento": "entrega", "produto": "mouse", "timestamp": "2026-09-07T16:47:45.952327"}
{"id_usuario": 83, "evento": "carrinho", "produto": "teclado", "timestamp": "2026-09-07T16:47:47.952616"}
{"id_usuario": 91, "evento": "carrinho", "produto": "notebook", "timestamp": "2026-09-07T16:47:49.952894"}
{"id_usuario": 5, "evento": "clique", "produto": "celular", "timestamp": "2026-09-07T16:47:51.953172"}
{"id_usuario": 62, "evento": "clique", "produto": "celular", "timestamp": "2026-09-07T16:47:53.953437"}
{"id_usuario": 35, "evento": "clique", "produto": "teclado", "timestamp": "2026-09-07T16:47:55.953753"}
{"id_usuario": 81, "evento": "entrega", "produto": "mouse", "timestamp": "2026-09-07T16:47:57.954047"}
{"id_usuario": 77, "evento": "carrinho", "produto": "mouse", "timestamp": "2026-09-07T16:47:59.954559"}
{"id_usuario": 44, "evento": "entrega", "produto": "notebook", "timestamp": "2026-09-07T16:48:01.955086"}
{"id_usuario": 34, "evento": "carrinho", "produto": "teclado", "timestamp": "2026-09-07T16:48:03.956046"}
{"id_usuario": 6, "evento": "clique", "produto": "mouse", "timestamp": "2026-09-07T16:48:05.956530"}
{"id_usuario": 24, "evento": "entrega", "produto": "notebook", "timestamp": "2026-09-07T16:48:07.956802"}
{"id_usuario": 55, "evento": "entrega", "produto": "mouse", "timestamp": "2026-09-07T16:48:09.957353"}
{"id_usuario": 72, "evento": "carrinho", "produto": "celular", "timestamp": "2026-09-07T16:48:11.957659"}
{"id_usuario": 84, "evento": "entrega", "produto": "mouse", "timestamp": "2026-09-07T16:48:13.957921"}
{"id_usuario": 2, "evento": "entrega", "produto": "notebook", "timestamp": "2026-09-07T16:48:15.958200"}
{"id_usuario": 72, "evento": "entrega", "produto": "teclado", "timestamp": "2026-09-07T16:48:17.958504"}
{"id_usuario": 3, "evento": "entrega", "produto": "notebook", "timestamp": "2026-09-07T16:48:19.958951"}
{"id_usuario": 70, "evento": "clique", "produto": "teclado", "timestamp": "2026-09-07T16:48:21.959627"}
{"id_usuario": 47, "evento": "clique", "produto": "mouse", "timestamp": "2026-09-07T16:48:23.959992"}
{"id_usuario": 100, "evento": "clique", "produto": "mouse", "timestamp": "2026-09-07T16:48:25.960617"}
{"id_usuario": 72, "evento": "clique", "produto": "celular", "timestamp": "2026-09-07T16:48:27.961115"}
{"id_usuario": 53, "evento": "entrega", "produto": "mouse", "timestamp": "2026-09-07T16:48:29.961382"}
{"id_usuario": 65, "evento": "clique", "produto": "mouse", "timestamp": "2026-09-07T16:48:31.961662"}
{"id_usuario": 85, "evento": "entrega", "produto": "teclado", "timestamp": "2026-09-07T16:48:33.962116"}
{"id_usuario": 42, "evento": "entrega", "produto": "mouse", "timestamp": "2026-09-07T16:48:35.962562"}
{"id_usuario": 31, "evento": "clique", "produto": "teclado", "timestamp": "2026-09-07T16:48:37.962850"}
{"id_usuario": 19, "evento": "clique", "produto": "celular", "timestamp": "2026-09-07T16:48:39.963255"}
{"id_usuario": 74, "evento": "entrega", "produto": "celular", "timestamp": "2026-09-07T16:48:41.964674"}
{"id_usuario": 16, "evento": "entrega", "produto": "teclado", "timestamp": "2026-09-07T16:48:43.964939"}
{"id_usuario": 43, "evento": "carrinho", "produto": "celular", "timestamp": "2026-09-07T16:48:45.965199"}
{"id_usuario": 50, "evento": "entrega", "produto": "teclado", "timestamp": "2026-09-07T16:48:47.965653"}
{"id_usuario": 24, "evento": "carrinho", "produto": "celular", "timestamp": "2026-09-07T16:48:49.966086"}
{"id_usuario": 35, "evento": "entrega", "produto": "notebook", "timestamp": "2026-09-07T16:48:51.966588"}
{"id_usuario": 26, "evento": "carrinho", "produto": "notebook", "timestamp": "2026-09-07T16:48:53.967191"}
{"id_usuario": 23, "evento": "clique", "produto": "teclado", "timestamp": "2026-09-07T16:48:55.967680"}
{"id_usuario": 85, "evento": "clique", "produto": "notebook", "timestamp": "2026-09-07T16:48:57.968193"}
{"id_usuario": 8, "evento": "carrinho", "produto": "mouse", "timestamp": "2026-09-07T16:48:59.968551"}
{"id_usuario": 97, "evento": "entrega", "produto": "teclado", "timestamp": "2026-09-07T16:49:01.968838"}
{"id_usuario": 84, "evento": "carrinho", "produto": "mouse", "timestamp": "2026-09-07T16:49:03.969130"}
{"id_usuario": 96, "evento": "carrinho", "produto": "celular", "timestamp": "2026-09-07T16:49:05.969398"}
{"id_usuario": 11, "evento": "carrinho", "produto": "mouse", "timestamp": "2026-09-07T16:49:07.969701"}
{"id_usuario": 48, "evento": "carrinho", "produto": "notebook", "timestamp": "2026-09-07T16:49:09.969988"}
{"id_usuario": 60, "evento": "entrega", "produto": "mouse", "timestamp": "2026-09-07T16:49:11.970258"}
{"id_usuario": 68, "evento": "clique", "produto": "notebook", "timestamp": "2026-09-07T16:49:13.970592"}
{"id_usuario": 35, "evento": "carrinho", "produto": "teclado", "timestamp": "2026-09-07T16:49:15.970875"}
{"id_usuario": 6, "evento": "carrinho", "produto": "teclado", "timestamp": "2026-09-07T16:49:17.971155"}
{"id_usuario": 73, "evento": "entrega", "produto": "celular", "timestamp": "2026-09-07T16:49:19.971724"}
{"id_usuario": 8, "evento": "clique", "produto": "teclado", "timestamp": "2026-09-07T16:49:21.972025"}
{"id_usuario": 4, "evento": "clique", "produto": "celular", "timestamp": "2026-09-07T16:49:23.972310"}
{"id_usuario": 59, "evento": "carrinho", "produto": "celular", "timestamp": "2026-09-07T16:49:25.972608"}
{"id_usuario": 60, "evento": "entrega", "produto": "celular", "timestamp": "2026-09-07T16:49:27.972902"}
{"id_usuario": 56, "evento": "carrinho", "produto": "celular", "timestamp": "2026-09-07T16:49:29.973444"}
{"id_usuario": 83, "evento": "carrinho", "produto": "mouse", "timestamp": "2026-09-07T16:49:31.974025"}
{"id_usuario": 52, "evento": "carrinho", "produto": "notebook", "timestamp": "2026-09-07T16:49:33.974323"}
{"id_usuario": 88, "evento": "clique", "produto": "teclado", "timestamp": "2026-09-07T16:49:35.974647"}
{"id_usuario": 83, "evento": "entrega", "produto": "mouse", "timestamp": "2026-09-07T16:49:37.975094"}
{"id_usuario": 26, "evento": "entrega", "produto": "celular", "timestamp": "2026-09-07T16:49:39.975614"}
{"id_usuario": 22, "evento": "clique", "produto": "notebook", "timestamp": "2026-09-07T16:49:41.975894"}
{"id_usuario": 58, "evento": "carrinho", "produto": "teclado", "timestamp": "2026-09-07T16:49:43.976178"}
{"id_usuario": 18, "evento": "entrega", "produto": "mouse", "timestamp": "2026-09-07T16:49:45.976724"}
{"id_usuario": 99, "evento": "clique", "produto": "notebook", "timestamp": "2026-09-07T16:49:47.977038"}
{"id_usuario": 11, "evento": "carrinho", "produto": "mouse", "timestamp": "2026-09-07T16:49:49.977329"}
{"id_usuario": 80, "evento": "entrega", "produto": "notebook", "timestamp": "2026-09-07T16:49:51.977630"}
{"id_usuario": 88, "evento": "clique", "produto": "celular", "timestamp": "2026-09-07T16:49:53.977926"}
{"id_usuario": 42, "evento": "entrega", "produto": "notebook", "timestamp": "2026-09-07T16:49:55.978214"}
{"id_usuario": 9, "evento": "clique", "produto": "celular", "timestamp": "2026-09-07T16:49:57.978520"}
{"id_usuario": 8, "evento": "clique", "produto": "notebook", "timestamp": "2026-09-07T16:49:59.978785"}
{"id_usuario": 40, "evento": "clique", "produto": "mouse", "timestamp": "2026-09-07T16:50:01.979090"}
{"id_usuario": 14, "evento": "entrega", "produto": "teclado", "timestamp": "2026-09-07T16:50:03.979708"}
{"id_usuario": 13, "evento": "entrega", "produto": "teclado", "timestamp": "2026-09-07T16:50:05.979992"}
{"id_usuario": 18, "evento": "entrega", "produto": "teclado", "timestamp": "2026-09-07T16:50:07.980274"}
{"id_usuario": 45, "evento": "entrega", "produto": "mouse", "timestamp": "2026-09-07T16:50:09.980540"}
{"id_usuario": 39, "evento": "entrega", "produto": "mouse", "timestamp": "2026-09-07T16:50:11.980837"}
{"id_usuario": 48, "evento": "entrega", "produto": "teclado", "timestamp": "2026-09-07T16:50:13.981360"}
{"id_usuario": 4, "evento": "entrega", "produto": "teclado", "timestamp": "2026-09-07T16:50:15.981708"}
{"id_usuario": 25, "evento": "entrega", "produto": "celular", "timestamp": "2026-09-07T16:50:17.981999"}
{"id_usuario": 97, "evento": "clique", "produto": "mouse", "timestamp": "2026-09-07T16:50:19.982282"}
{"id_usuario": 41, "evento": "clique", "produto": "teclado", "timestamp": "2026-09-07T16:50:21.982553"}
{"id_usuario": 52, "evento": "entrega", "produto": "celular", "timestamp": "2026-09-07T16:50:23.983053"}
{"id_usuario": 6, "evento": "clique", "produto": "mouse", "timestamp": "2026-09-07T16:50:25.983761"}
{"id_usuario": 16, "evento": "carrinho", "produto": "celular", "timestamp": "2026-09-07T16:50:27.984339"}
{"id_usuario": 17, "evento": "entrega", "produto": "notebook", "timestamp": "2026-09-07T16:50:29.984718"}
{"id_usuario": 27, "evento": "entrega", "produto": "notebook", "timestamp": "2026-09-07T16:50:31.985390"}
{"id_usuario": 89, "evento": "clique", "produto": "teclado", "timestamp": "2026-09-07T16:50:33.985706"}
{"id_usuario": 9, "evento": "clique", "produto": "teclado", "timestamp": "2026-09-07T16:50:35.985987"}
{"id_usuario": 21, "evento": "clique", "produto": "celular", "timestamp": "2026-09-07T16:50:37.986283"}
{"id_usuario": 38, "evento": "entrega", "produto": "mouse", "timestamp": "2026-09-07T16:50:39.986653"}
{"id_usuario": 4, "evento": "clique", "produto": "notebook", "timestamp": "2026-09-07T16:50:41.986956"}
{"id_usuario": 38, "evento": "entrega", "produto": "teclado", "timestamp": "2026-09-07T16:50:43.987226"}
{"id_usuario": 36, "evento": "entrega", "produto": "mouse", "timestamp": "2026-09-07T16:50:45.987530"}
{"id_usuario": 68, "evento": "clique", "produto": "notebook", "timestamp": "2026-09-07T16:50:47.987808"}
{"id_usuario": 29, "evento": "clique", "produto": "mouse", "timestamp": "2026-09-07T16:50:49.988075"}
{"id_usuario": 67, "evento": "entrega", "produto": "celular", "timestamp": "2026-09-07T16:50:51.988363"}
{"id_usuario": 16, "evento": "clique", "produto": "celular", "timestamp": "2026-09-07T16:50:53.988952"}
{"id_usuario": 95, "evento": "carrinho", "produto": "notebook", "timestamp": "2026-09-07T16:50:55.989243"}
{"id_usuario": 25, "evento": "carrinho", "produto": "celular", "timestamp": "2026-09-07T16:50:57.989519"}
{"id_usuario": 9, "evento": "carrinho", "produto": "celular", "timestamp": "2026-09-07T16:50:59.989744"}
{"id_usuario": 93, "evento": "entrega", "produto": "mouse", "timestamp": "2026-09-07T16:51:01.990238"}
{"id_usuario": 84, "evento": "clique", "produto": "celular", "timestamp": "2026-09-07T16:51:03.990623"}
{"id_usuario": 80, "evento": "carrinho", "produto": "celular", "timestamp": "2026-09-07T16:51:05.990883"}
{"id_usuario": 78, "evento": "carrinho", "produto": "celular", "timestamp": "2026-09-07T16:51:07.991139"}
{"id_usuario": 90, "evento": "entrega", "produto": "teclado", "timestamp": "2026-09-07T16:51:09.991675"}
{"id_usuario": 55, "evento": "clique", "produto": "teclado", "timestamp": "2026-09-07T16:51:11.992079"}
{"id_usuario": 67, "evento": "carrinho", "produto": "teclado", "timestamp": "2026-09-07T16:51:13.992516"}
{"id_usuario": 50, "evento": "clique", "produto": "teclado", "timestamp": "2026-09-07T16:51:15.992962"}
{"id_usuario": 85, "evento": "carrinho", "produto": "teclado", "timestamp": "2026-09-07T16:51:17.993410"}
{"id_usuario": 51, "evento": "carrinho", "produto": "notebook", "timestamp": "2026-09-07T16:51:19.993734"}
{"id_usuario": 71, "evento": "clique", "produto": "celular", "timestamp": "2026-09-07T16:51:21.994029"}
{"id_usuario": 37, "evento": "carrinho", "produto": "teclado", "timestamp": "2026-09-07T16:51:23.995090"}
{"id_usuario": 36, "evento": "clique", "produto": "notebook", "timestamp": "2026-09-07T16:51:25.995960"}
{"id_usuario": 28, "evento": "entrega", "produto": "notebook", "timestamp": "2026-09-07T16:51:27.996263"}
{"id_usuario": 66, "evento": "carrinho", "produto": "teclado", "timestamp": "2026-09-07T16:51:29.996549"}
{"id_usuario": 76, "evento": "clique", "produto": "teclado", "timestamp": "2026-09-07T16:51:31.996852"}
{"id_usuario": 12, "evento": "carrinho", "produto": "celular", "timestamp": "2026-09-07T16:51:33.997450"}
{"id_usuario": 27, "evento": "carrinho", "produto": "celular", "timestamp": "2026-09-07T16:51:35.999229"}
{"id_usuario": 59, "evento": "carrinho", "produto": "mouse", "timestamp": "2026-09-07T16:51:38.000971"}
{"id_usuario": 41, "evento": "entrega", "produto": "celular", "timestamp": "2026-09-07T16:51:40.003527"}
{"id_usuario": 81, "evento": "clique", "produto": "mouse", "timestamp": "2026-09-07T16:51:42.003932"}
{"id_usuario": 45, "evento": "entrega", "produto": "teclado", "timestamp": "2026-09-07T16:51:44.004872"}
{"id_usuario": 60, "evento": "entrega", "produto": "mouse", "timestamp": "2026-09-07T16:51:46.005625"}
{"id_usuario": 68, "evento": "entrega", "produto": "teclado", "timestamp": "2026-09-07T16:51:48.007496"}
{"id_usuario": 8, "evento": "carrinho", "produto": "teclado", "timestamp": "2026-09-07T16:51:50.007802"}
{"id_usuario": 54, "evento": "entrega", "produto": "teclado", "timestamp": "2026-09-07T16:51:52.008378"}
{"id_usuario": 84, "evento": "entrega", "produto": "mouse", "timestamp": "2026-09-07T16:51:54.008700"}
{"id_usuario": 88, "evento": "carrinho", "produto": "notebook", "timestamp": "2026-09-07T16:51:56.009317"}
{"id_usuario": 83, "evento": "entrega", "produto": "teclado", "timestamp": "2026-09-07T16:51:58.010085"}
{"id_usuario": 82, "evento": "carrinho", "produto": "celular", "timestamp": "2026-09-07T16:52:00.011452"}
{"id_usuario": 68, "evento": "clique", "produto": "celular", "timestamp": "2026-09-07T16:52:02.011993"}
{"id_usuario": 35, "evento": "entrega", "produto": "mouse", "timestamp": "2026-09-07T16:52:04.012413"}
{"id_usuario": 96, "evento": "clique", "produto": "teclado", "timestamp": "2026-09-07T16:52:06.012941"}
{"id_usuario": 57, "evento": "clique", "produto": "mouse", "timestamp": "2026-09-07T16:52:08.013633"}
{"id_usuario": 56, "evento": "clique", "produto": "notebook", "timestamp": "2026-09-07T16:52:10.013947"}
{"id_usuario": 51, "evento": "clique", "produto": "celular", "timestamp": "2026-09-07T16:52:12.014585"}
{"id_usuario": 54, "evento": "carrinho", "produto": "teclado", "timestamp": "2026-09-07T16:52:14.015090"}
{"id_usuario": 69, "evento": "entrega", "produto": "notebook", "timestamp": "2026-09-07T16:52:16.015396"}
{"id_usuario": 86, "evento": "carrinho", "produto": "mouse", "timestamp": "2026-09-07T16:52:18.017056"}
{"id_usuario": 62, "evento": "carrinho", "produto": "celular", "timestamp": "2026-09-07T16:52:20.017707"}
{"id_usuario": 75, "evento": "entrega", "produto": "mouse", "timestamp": "2026-09-07T16:52:22.018331"}
{"id_usuario": 24, "evento": "carrinho", "produto": "teclado", "timestamp": "2026-09-07T16:52:24.019186"}
{"id_usuario": 13, "evento": "carrinho", "produto": "teclado", "timestamp": "2026-09-07T16:52:26.019500"}
{"id_usuario": 76, "evento": "entrega", "produto": "teclado", "timestamp": "2026-09-07T16:52:28.019855"}
{"id_usuario": 33, "evento": "carrinho", "produto": "celular", "timestamp": "2026-09-07T16:52:30.020160"}
{"id_usuario": 38, "evento": "entrega", "produto": "mouse", "timestamp": "2026-09-07T16:52:32.020635"}
{"id_usuario": 57, "evento": "clique", "produto": "teclado", "timestamp": "2026-09-07T16:52:34.020942"}
{"id_usuario": 15, "evento": "carrinho", "produto": "celular", "timestamp": "2026-09-07T16:52:36.021200"}
{"id_usuario": 92, "evento": "clique", "produto": "celular", "timestamp": "2026-09-07T16:52:38.021764"}
{"id_usuario": 86, "evento": "clique", "produto": "notebook", "timestamp": "2026-09-07T16:52:40.022027"}
{"id_usuario": 9, "evento": "entrega", "produto": "teclado", "timestamp": "2026-09-07T16:52:42.022305"}
{"id_usuario": 62, "evento": "carrinho", "produto": "celular", "timestamp": "2026-09-07T16:52:44.022564"}
{"id_usuario": 38, "evento": "entrega", "produto": "celular", "timestamp": "2026-09-07T16:52:46.022823"}
{"id_usuario": 65, "evento": "clique", "produto": "mouse", "timestamp": "2026-09-07T16:52:48.023102"}
{"id_usuario": 38, "evento": "clique", "produto": "teclado", "timestamp": "2026-09-07T16:52:50.023601"}
{"id_usuario": 90, "evento": "clique", "produto": "teclado", "timestamp": "2026-09-07T16:52:52.023889"}
{"id_usuario": 66, "evento": "entrega", "produto": "mouse", "timestamp": "2026-09-07T16:52:54.024176"}
{"id_usuario": 65, "evento": "entrega", "produto": "teclado", "timestamp": "2026-09-07T16:52:56.024445"}
{"id_usuario": 36, "evento": "clique", "produto": "mouse", "timestamp": "2026-09-07T16:52:58.024734"}
{"id_usuario": 96, "evento": "carrinho", "produto": "celular", "timestamp": "2026-09-07T16:53:00.025369"}
{"id_usuario": 98, "evento": "entrega", "produto": "teclado", "timestamp": "2026-09-07T16:53:02.025707"}
{"id_usuario": 97, "evento": "clique", "produto": "notebook", "timestamp": "2026-09-07T16:53:04.026432"}
{"id_usuario": 78, "evento": "carrinho", "produto": "mouse", "timestamp": "2026-09-07T16:53:06.026976"}
{"id_usuario": 74, "evento": "clique", "produto": "mouse", "timestamp": "2026-09-07T16:53:08.028096"}
{"id_usuario": 11, "evento": "clique", "produto": "mouse", "timestamp": "2026-09-07T16:53:10.028381"}
{"id_usuario": 33, "evento": "clique", "produto": "teclado", "timestamp": "2026-09-07T16:53:12.028682"}
{"id_usuario": 59, "evento": "clique", "produto": "notebook", "timestamp": "2026-09-07T16:53:14.029222"}
{"id_usuario": 4, "evento": "clique", "produto": "teclado", "timestamp": "2026-09-07T16:53:16.029565"}
{"id_usuario": 78, "evento": "entrega", "produto": "teclado", "timestamp": "2026-09-07T16:53:18.030002"}
{"id_usuario": 17, "evento": "carrinho", "produto": "mouse", "timestamp": "2026-09-07T16:53:20.030434"}
{"id_usuario": 63, "evento": "clique", "produto": "mouse", "timestamp": "2026-09-07T16:53:22.030738"}
{"id_usuario": 98, "evento": "entrega", "produto": "celular", "timestamp": "2026-09-07T16:53:24.031394"}
{"id_usuario": 82, "evento": "clique", "produto": "teclado", "timestamp": "2026-09-07T16:53:26.031692"}
{"id_usuario": 90, "evento": "carrinho", "produto": "teclado", "timestamp": "2026-09-07T16:53:28.032269"}
{"id_usuario": 27, "evento": "carrinho", "produto": "mouse", "timestamp": "2026-09-07T16:53:30.032703"}
{"id_usuario": 20, "evento": "carrinho", "produto": "notebook", "timestamp": "2026-09-07T16:53:32.033107"}
{"id_usuario": 85, "evento": "entrega", "produto": "teclado", "timestamp": "2026-09-07T16:53:34.033384"}
{"id_usuario": 59, "evento": "clique", "produto": "mouse", "timestamp": "2026-09-07T16:53:36.033733"}
{"id_usuario": 51, "evento": "clique", "produto": "teclado", "timestamp": "2026-09-07T16:53:38.034001"}
{"id_usuario": 56, "evento": "carrinho", "produto": "teclado", "timestamp": "2026-09-07T16:53:40.034264"}
{"id_usuario": 58, "evento": "carrinho", "produto": "notebook", "timestamp": "2026-09-07T16:53:42.034858"}
{"id_usuario": 98, "evento": "carrinho", "produto": "mouse", "timestamp": "2026-09-07T16:53:44.035126"}
{"id_usuario": 93, "evento": "carrinho", "produto": "mouse", "timestamp": "2026-09-07T16:53:46.035542"}
{"id_usuario": 64, "evento": "clique", "produto": "notebook", "timestamp": "2026-09-07T16:53:48.036749"}
{"id_usuario": 60, "evento": "carrinho", "produto": "celular", "timestamp": "2026-09-07T16:53:50.037036"}
{"id_usuario": 23, "evento": "carrinho", "produto": "mouse", "timestamp": "2026-09-07T16:53:52.037330"}
{"id_usuario": 36, "evento": "clique", "produto": "teclado", "timestamp": "2026-09-07T16:53:54.037892"}
{"id_usuario": 80, "evento": "clique", "produto": "teclado", "timestamp": "2026-09-07T16:53:56.038185"}
{"id_usuario": 73, "evento": "clique", "produto": "mouse", "timestamp": "2026-09-07T16:53:58.039034"}
{"id_usuario": 46, "evento": "carrinho", "produto": "mouse", "timestamp": "2026-09-07T16:54:00.039312"}
{"id_usuario": 89, "evento": "entrega", "produto": "mouse", "timestamp": "2026-09-07T16:54:02.039597"}
{"id_usuario": 74, "evento": "entrega", "produto": "celular", "timestamp": "2026-09-07T16:54:04.039874"}
{"id_usuario": 92, "evento": "clique", "produto": "notebook", "timestamp": "2026-09-07T16:54:06.040156"}
{"id_usuario": 44, "evento": "carrinho", "produto": "notebook", "timestamp": "2026-09-07T16:54:08.040423"}
{"id_usuario": 5, "evento": "clique", "produto": "mouse", "timestamp": "2026-09-07T16:54:10.040706"}
{"id_usuario": 70, "evento": "carrinho", "produto": "mouse", "timestamp": "2026-09-07T16:54:12.040998"}
{"id_usuario": 65, "evento": "carrinho", "produto": "mouse", "timestamp": "2026-09-07T16:54:14.041787"}
{"id_usuario": 85, "evento": "carrinho", "produto": "mouse", "timestamp": "2026-09-07T16:54:16.042074"}
{"id_usuario": 6, "evento": "entrega", "produto": "notebook", "timestamp": "2026-09-07T16:54:18.043003"}
{"id_usuario": 89, "evento": "entrega", "produto": "teclado", "timestamp": "2026-09-07T16:54:20.043282"}
{"id_usuario": 24, "evento": "entrega", "produto": "notebook", "timestamp": "2026-09-07T16:54:22.043552"}
{"id_usuario": 60, "evento": "clique", "produto": "celular", "timestamp": "2026-09-07T16:54:24.044032"}
{"id_usuario": 54, "evento": "entrega", "produto": "notebook", "timestamp": "2026-09-07T16:54:26.044303"}
{"id_usuario": 62, "evento": "carrinho", "produto": "mouse", "timestamp": "2026-09-07T16:54:28.044737"}
{"id_usuario": 47, "evento": "entrega", "produto": "teclado", "timestamp": "2026-09-07T16:54:30.045458"}
{"id_usuario": 68, "evento": "carrinho", "produto": "celular", "timestamp": "2026-09-07T16:54:32.046201"}
{"id_usuario": 79, "evento": "carrinho", "produto": "mouse", "timestamp": "2026-09-07T16:54:34.046719"}
{"id_usuario": 98, "evento": "carrinho", "produto": "notebook", "timestamp": "2026-09-07T16:54:36.046982"}
{"id_usuario": 48, "evento": "clique", "produto": "notebook", "timestamp": "2026-09-07T16:54:38.047277"}
{"id_usuario": 67, "evento": "carrinho", "produto": "celular", "timestamp": "2026-09-07T16:54:40.047559"}
{"id_usuario": 86, "evento": "carrinho", "produto": "teclado", "timestamp": "2026-09-07T16:54:42.047835"}
{"id_usuario": 79, "evento": "entrega", "produto": "teclado", "timestamp": "2026-09-07T16:54:44.048119"}
{"id_usuario": 28, "evento": "clique", "produto": "teclado", "timestamp": "2026-09-07T16:54:46.048401"}
{"id_usuario": 59, "evento": "entrega", "produto": "teclado", "timestamp": "2026-09-07T16:54:48.048696"}
{"id_usuario": 87, "evento": "clique", "produto": "celular", "timestamp": "2026-09-07T16:54:50.048981"}
{"id_usuario": 3, "evento": "entrega", "produto": "mouse", "timestamp": "2026-09-07T16:54:52.049260"}
{"id_usuario": 7, "evento": "entrega", "produto": "teclado", "timestamp": "2026-09-07T16:54:54.049538"}
{"id_usuario": 61, "evento": "carrinho", "produto": "mouse", "timestamp": "2026-09-07T16:54:56.049845"}
{"id_usuario": 33, "evento": "entrega", "produto": "notebook", "timestamp": "2026-09-07T16:54:58.050422"}
{"id_usuario": 18, "evento": "entrega", "produto": "mouse", "timestamp": "2026-09-07T16:55:00.050930"}
{"id_usuario": 96, "evento": "carrinho", "produto": "celular", "timestamp": "2026-09-07T16:55:02.051544"}
{"id_usuario": 27, "evento": "clique", "produto": "celular", "timestamp": "2026-09-07T16:55:04.054259"}
